Source_Region,Target_Province,Cases (O),Cases per million (O),GDP per capita (O),GDP per capita (D),Pop density (O),Pop density (D),Age upper 65 (O),Age upper 65 (D),Temperature (O),Humidity (O),International travel,Imports
South Korea,Beijing,0.29961037246004446,0.8815535044008231,0.7225731891516937,1.0,0.6411953971888407,0.0,0.4897443866055473,0.16200846944948577,0.537475943664436,0.3373899690954372,0.8067845293164478,32.0
Singapore,Beijing,0.02196320796931059,0.5940187458294157,0.9140623695695048,1.0,1.0,0.0,0.45120814233548284,0.16200846944948577,0.537475943664436,0.3373899690954372,0.8369131100298577,6.0
USA,Beijing,1.0,0.45067672637686473,0.8977017564004062,1.0,0.28705165370378527,0.0,0.547976070235413,0.16200846944948577,0.537475943664436,0.3373899690954372,0.8632102878213241,52.0
Japan,Beijing,0.3253773414649379,0.4002109238459136,0.7321697866418041,1.0,0.5859665317401135,0.0,1.0,0.16200846944948577,0.537475943664436,0.3373899690954372,0.8580367598279751,16.0
Germany,Beijing,0.3732729167115801,0.6826083852075752,0.8051323022985117,1.0,0.5352983245413203,0.0,0.7826120736539508,0.16200846944948577,0.537475943664436,0.3373899690954372,0.7956518039612889,31.0
Australia,Beijing,0.10833721219838842,0.6309647356530745,0.8632909191448334,1.0,0.0,0.0,0.5515111490948644,0.16200846944948577,0.537475943664436,0.3373899690954372,0.8126263224623896,5.0
United Kingdom,Beijing,0.2386239708933316,0.5388984222621804,0.794005663617149,1.0,0.5539184881648415,0.0,0.6685572216610987,0.16200846944948577,0.537475943664436,0.3373899690954372,0.8063560517714039,15.0
France,Beijing,0.3757482236726039,0.8864200543798183,0.7711180677205943,1.0,0.448380101239992,0.0,0.7152124932017715,0.16200846944948577,0.537475943664436,0.3373899690954372,0.7563241678660553,17.0
Ireland,Beijing,0.016619614918624265,0.5044319050465441,0.9604180061082939,1.0,0.37465564487752956,0.0,0.4902882448916168,0.16200846944948577,0.537475943664436,0.3373899690954372,0.6083446182492938,13.0
Hong Kong,Beijing,0.0,0.0,0.8074304884941063,1.0,0.9844495303424121,0.0,0.5825499184212571,0.16200846944948577,0.537475943664436,0.3373899690954372,0.9547740190075614,10.0
Canada,Beijing,0.045055566360745106,0.1786312073032124,0.8308346079960006,1.0,0.02403473083927957,0.0,0.6090047393364929,0.16200846944948577,0.537475943664436,0.3373899690954372,0.7755136605564482,11.0
Russia,Beijing,0.2199293603511499,0.23170149466167805,0.5717054465695758,1.0,0.11260396323511401,0.0,0.5,0.16200846944948577,0.537475943664436,0.3373899690954372,0.8059493707442266,18.0
Israel,Beijing,0.04685512215547543,0.7560061561848773,0.8296980854737773,1.0,0.605327384097889,0.0,0.4050190350400124,0.16200846944948577,0.537475943664436,0.3373899690954372,0.6799415243016725,11.0
Denmark,Beijing,0.03318000740153861,0.8599762192492212,0.8709899486856766,1.0,0.46255519373399206,0.0,0.7136197653639966,0.16200846944948577,0.537475943664436,0.3373899690954372,0.6219103457139363,6.0
Netherlands,Beijing,0.0838278776733618,0.7276435009869736,0.8345649070478215,1.0,0.6362346517280622,0.0,0.6787351410146842,0.16200846944948577,0.537475943664436,0.3373899690954372,0.6281517666240545,2.0
Belgium,Beijing,0.04648169558371033,0.6079801474378165,0.8098998038870868,1.0,0.5961310515580008,0.0,0.6706549607645095,0.16200846944948577,0.537475943664436,0.3373899690954372,0.6573685431228677,5.0
Spain,Beijing,0.1349769477496672,0.43269746953364746,0.7034088210919772,1.0,0.4122502638927435,0.0,0.7042576334395152,0.16200846944948577,0.537475943664436,0.3373899690954372,0.7391428853532139,4.0
Malaysia,Beijing,0.04916638433280882,0.22086829043816142,0.5212938002699163,1.0,0.4166149605282221,0.0,0.1936912438815943,0.16200846944948577,0.537475943664436,0.3373899690954372,0.7781131211686433,1.0
Croatia,Beijing,0.012367138282517816,0.46782063603810536,0.6087227116757035,1.0,0.3816737092513709,0.0,0.7154455753243727,0.16200846944948577,0.537475943664436,0.3373899690954372,0.43332882585449495,1.0
South Africa,Beijing,0.039655594174452004,0.10094297223838743,0.4057222160396226,1.0,0.3222976340997447,0.0,0.15682542149017173,0.16200846944948577,0.537475943664436,0.3373899690954372,0.6060692213391935,4.0
New Zealand,Beijing,0.02138857896593187,0.6288731766643266,0.8043626589528691,1.0,0.20151535030351075,0.0,0.5444409913759614,0.16200846944948577,0.537475943664436,0.3373899690954372,0.6804471588643024,3.0
Austria,Beijing,0.05863606348761956,1.0,0.8200796681155692,1.0,0.4302041375479534,0.0,0.6951674306580686,0.16200846944948577,0.537475943664436,0.3373899690954372,0.6463159301371074,3.0
Brazil,Beijing,0.3622741847650021,0.25651940639716636,0.4614812000403211,1.0,0.24188189345562167,0.0,0.28144666304094473,0.16200846944948577,0.537475943664436,0.3373899690954372,0.5781524067410317,1.0
Luxembourg,Beijing,0.0037010809000088667,0.8713149666592045,1.0,1.0,0.5321588055155148,0.0,0.5052055007380933,0.16200846944948577,0.537475943664436,0.3373899690954372,0.36759377214648253,1.0
India,Beijing,0.4352989923831301,0.04682942837319786,0.19399826877417942,1.0,0.6201734563910405,0.0,0.18188174966980034,0.16200846944948577,0.537475943664436,0.3373899690954372,0.6834701523296874,2.0
Switzerland,Beijing,0.04280626280860444,0.746666357267275,0.9356657783977224,1.0,0.521962166459117,0.0,0.6654106130059825,0.16200846944948577,0.537475943664436,0.3373899690954372,0.6794328413129868,1.0
Czech Republic,Beijing,0.04509202292097166,0.6551084166094558,0.6912044364369602,1.0,0.4631862459309869,0.0,0.6883692020822003,0.16200846944948577,0.537475943664436,0.3373899690954372,0.5205558994299856,1.0
Pakistan,Beijing,0.015375301104994056,0.009940039873537318,0.11223230296973108,1.0,0.545253715534541,0.0,0.1238443011421024,0.16200846944948577,0.537475943664436,0.3373899690954372,0.7236272171455655,3.0
Portugal,Beijing,0.05425566755885918,0.805364597984498,0.6648477596290677,1.0,0.4369486026552737,0.0,0.7845155776551939,0.16200846944948577,0.537475943664436,0.3373899690954372,0.5807000770920812,1.0
Sweden,Beijing,0.02629701077823013,0.3800448312711444,0.8341575411331088,1.0,0.24023192714156916,0.0,0.7255846476575247,0.16200846944948577,0.537475943664436,0.3373899690954372,0.625242023500702,1.0
Qatar,Beijing,0.0048483330169675105,0.2742626514406636,0.9265208005101385,1.0,0.5297844628740936,0.0,0.0,0.16200846944948577,0.537475943664436,0.3373899690954372,0.5700125210500107,3.0
Indonesia,Beijing,0.0656688689194445,0.036340417859396894,0.3351894624771299,1.0,0.4711467914849187,0.0,0.1558542459793334,0.16200846944948577,0.537475943664436,0.3373899690954372,0.8152869166210229,1.0
Philippines,Beijing,0.03972803016577822,0.05241400326820947,0.2714778280508851,1.0,0.5875143814059396,0.0,0.13580918343563048,0.16200846944948577,0.537475943664436,0.3373899690954372,0.7686274486140041,1.0
Bangladesh,Beijing,0.019844686484585233,0.01767376824324753,0.21799383012922646,1.0,0.7569227495637432,0.0,0.14726905446352265,0.16200846944948577,0.537475943664436,0.3373899690954372,0.5894858759970751,1.0
Romania,Beijing,0.03279455522830989,0.2543246550609364,0.5788189763756221,1.0,0.4005060687601227,0.0,0.6426462590319323,0.16200846944948577,0.537475943664436,0.3373899690954372,0.527823833754102,1.0
Norway,Beijing,0.014422250280011505,0.4046146529324077,0.9644954433500131,1.0,0.17276155722204878,0.0,0.6026726750058271,0.16200846944948577,0.537475943664436,0.3373899690954372,0.5532228535226535,1.0
Cambodia,Beijing,0.0013507915075611431,0.012281884581543853,0.1350423287225805,1.0,0.4087767736461633,0.0,0.12061999844611918,0.16200846944948577,0.537475943664436,0.3373899690954372,0.7258404889827061,1.0
Saudi Arabia,Beijing,0.00810563514231681,0.03394177141354518,0.7107885504350043,1.0,0.1799392853855917,0.0,0.0772278766218631,0.16200846944948577,0.537475943664436,0.3373899690954372,0.6645849789103494,2.0
Mexico,Beijing,0.07342401863740373,0.08779464663766114,0.5057778233457467,1.0,0.3680776193645938,0.0,0.21560096340610677,0.16200846944948577,0.537475943664436,0.3373899690954372,0.5265182109734639,1.0
Turkey,Beijing,0.16558013653410247,0.29580353104584406,0.49688426741837116,1.0,0.4279263746537623,0.0,0.2659467018879652,0.16200846944948577,0.537475943664436,0.3373899690954372,0.7656939670975575,1.0
Morocco,Beijing,0.012391939259787325,0.05043698005067653,0.2731788112177725,1.0,0.39249539847902304,0.0,0.21218242560795586,0.16200846944948577,0.537475943664436,0.3373899690954372,0.5502962877118596,2.0
Greece,Beijing,0.05123143814333438,0.752116859752369,0.6328112141192183,1.0,0.3979410580521036,0.0,0.7415507730557067,0.16200846944948577,0.537475943664436,0.3373899690954372,0.640599731522665,1.0
Cameroon,Beijing,0.0012150726142818224,0.006636297773355696,0.11118926970899233,1.0,0.33329948984741026,0.0,0.07217776396550385,0.16200846944948577,0.537475943664436,0.3373899690954372,0.45735324225203194,1.0
Laos,Beijing,0.002123059080095433,0.042988409409580944,0.16672850151738988,1.0,0.26377733549067234,0.0,0.10574158962007614,0.16200846944948577,0.537475943664436,0.3373899690954372,0.5390296848087415,1.0
Poland,Beijing,0.06317935519523413,0.24167021004533557,0.6077059743165959,1.0,0.4499259056201962,0.0,0.6004195478206822,0.16200846944948577,0.537475943664436,0.3373899690954372,0.6608533166339763,1.0
Guinea,Beijing,0.00037391343822111616,0.004113224019535416,0.10379575628605221,1.0,0.33550456105295706,0.0,0.07101235335249785,0.16200846944948577,0.537475943664436,0.3373899690954372,0.55262146688126,1.0
South Korea,Tianjin,0.29961037246004446,0.8815535044008231,0.7225731891516937,0.6793719290012513,0.6411953971888407,0.7695035460992907,0.4897443866055473,0.10241984271022384,0.7054301710186764,0.43918442646321637,0.7675948188195463,41.0
Singapore,Tianjin,0.02196320796931059,0.5940187458294157,0.9140623695695048,0.6793719290012513,1.0,0.7695035460992907,0.45120814233548284,0.10241984271022384,0.7054301710186764,0.43918442646321637,0.8090568199740626,14.0
USA,Tianjin,1.0,0.45067672637686473,0.8977017564004062,0.6793719290012513,0.28705165370378527,0.7695035460992907,0.547976070235413,0.10241984271022384,0.7054301710186764,0.43918442646321637,0.5522585665859678,23.0
Japan,Tianjin,0.3253773414649379,0.4002109238459136,0.7321697866418041,0.6793719290012513,0.5859665317401135,0.7695035460992907,1.0,0.10241984271022384,0.7054301710186764,0.43918442646321637,0.8341091055567121,9.0
Germany,Tianjin,0.3732729167115801,0.6826083852075752,0.8051323022985117,0.6793719290012513,0.5352983245413203,0.7695035460992907,0.7826120736539508,0.10241984271022384,0.7054301710186764,0.43918442646321637,0.38422966763792166,7.0
Australia,Tianjin,0.10833721219838842,0.6309647356530745,0.8632909191448334,0.6793719290012513,0.0,0.7695035460992907,0.5515111490948644,0.10241984271022384,0.7054301710186764,0.43918442646321637,0.6736250495232365,2.0
United Kingdom,Tianjin,0.2386239708933316,0.5388984222621804,0.794005663617149,0.6793719290012513,0.5539184881648415,0.7695035460992907,0.6685572216610987,0.10241984271022384,0.7054301710186764,0.43918442646321637,0.4964005527038051,9.0
France,Tianjin,0.3757482236726039,0.8864200543798183,0.7711180677205943,0.6793719290012513,0.448380101239992,0.7695035460992907,0.7152124932017715,0.10241984271022384,0.7054301710186764,0.43918442646321637,0.39105149768627584,13.0
Ireland,Tianjin,0.016619614918624265,0.5044319050465441,0.9604180061082939,0.6793719290012513,0.37465564487752956,0.7695035460992907,0.4902882448916168,0.10241984271022384,0.7054301710186764,0.43918442646321637,0.058483730928682316,5.0
Hong Kong,Tianjin,0.0,0.0,0.8074304884941063,0.6793719290012513,0.9844495303424121,0.7695035460992907,0.5825499184212571,0.10241984271022384,0.7054301710186764,0.43918442646321637,0.8132554069657985,3.0
Canada,Tianjin,0.045055566360745106,0.1786312073032124,0.8308346079960006,0.6793719290012513,0.02403473083927957,0.7695035460992907,0.6090047393364929,0.10241984271022384,0.7054301710186764,0.43918442646321637,0.46450788122741643,2.0
Israel,Tianjin,0.04685512215547543,0.7560061561848773,0.8296980854737773,0.6793719290012513,0.605327384097889,0.7695035460992907,0.4050190350400124,0.10241984271022384,0.7054301710186764,0.43918442646321637,0.15117825135290988,3.0
Netherlands,Tianjin,0.0838278776733618,0.7276435009869736,0.8345649070478215,0.6793719290012513,0.6362346517280622,0.7695035460992907,0.6787351410146842,0.10241984271022384,0.7054301710186764,0.43918442646321637,0.28115205174029345,1.0
Spain,Tianjin,0.1349769477496672,0.43269746953364746,0.7034088210919772,0.6793719290012513,0.4122502638927435,0.7695035460992907,0.7042576334395152,0.10241984271022384,0.7054301710186764,0.43918442646321637,0.38939704882351894,1.0
Malaysia,Tianjin,0.04916638433280882,0.22086829043816142,0.5212938002699163,0.6793719290012513,0.4166149605282221,0.7695035460992907,0.1936912438815943,0.10241984271022384,0.7054301710186764,0.43918442646321637,0.6857431652670194,1.0
Croatia,Tianjin,0.012367138282517816,0.46782063603810536,0.6087227116757035,0.6793719290012513,0.3816737092513709,0.7695035460992907,0.7154455753243727,0.10241984271022384,0.7054301710186764,0.43918442646321637,0.15117825135290988,2.0
South Africa,Tianjin,0.039655594174452004,0.10094297223838743,0.4057222160396226,0.6793719290012513,0.3222976340997447,0.7695035460992907,0.15682542149017173,0.10241984271022384,0.7054301710186764,0.43918442646321637,0.3133296298745066,2.0
New Zealand,Tianjin,0.02138857896593187,0.6288731766643266,0.8043626589528691,0.6793719290012513,0.20151535030351075,0.7695035460992907,0.5444409913759614,0.10241984271022384,0.7054301710186764,0.43918442646321637,0.5402963769849515,1.0
Brazil,Tianjin,0.3622741847650021,0.25651940639716636,0.4614812000403211,0.6793719290012513,0.24188189345562167,0.7695035460992907,0.28144666304094473,0.10241984271022384,0.7054301710186764,0.43918442646321637,0.11696746185736463,2.0
Luxembourg,Tianjin,0.0037010809000088667,0.8713149666592045,1.0,0.6793719290012513,0.5321588055155148,0.7695035460992907,0.5052055007380933,0.10241984271022384,0.7054301710186764,0.43918442646321637,0.0,3.0
Italy,Tianjin,0.25005605293508126,0.645748975650313,0.7342174963884783,0.6793719290012513,0.5166937260629108,0.7695035460992907,0.8435242016937301,0.10241984271022384,0.7054301710186764,0.43918442646321637,0.6532222595868311,2.0
India,Tianjin,0.4352989923831301,0.04682942837319786,0.19399826877417942,0.6793719290012513,0.6201734563910405,0.7695035460992907,0.18188174966980034,0.10241984271022384,0.7054301710186764,0.43918442646321637,0.37680737379992085,2.0
Switzerland,Tianjin,0.04280626280860444,0.746666357267275,0.9356657783977224,0.6793719290012513,0.521962166459117,0.7695035460992907,0.6654106130059825,0.10241984271022384,0.7054301710186764,0.43918442646321637,0.17545119278604693,2.0
Czech Republic,Tianjin,0.04509202292097166,0.6551084166094558,0.6912044364369602,0.6793719290012513,0.4631862459309869,0.7695035460992907,0.6883692020822003,0.10241984271022384,0.7054301710186764,0.43918442646321637,0.15117825135290988,1.0
Portugal,Tianjin,0.05425566755885918,0.805364597984498,0.6648477596290677,0.6793719290012513,0.4369486026552737,0.7695035460992907,0.7845155776551939,0.10241984271022384,0.7054301710186764,0.43918442646321637,0.2438727717771374,2.0
Sweden,Tianjin,0.02629701077823013,0.3800448312711444,0.8341575411331088,0.6793719290012513,0.24023192714156916,0.7695035460992907,0.7255846476575247,0.10241984271022384,0.7054301710186764,0.43918442646321637,0.0,1.0
Bangladesh,Tianjin,0.019844686484585233,0.01767376824324753,0.21799383012922646,0.6793719290012513,0.7569227495637432,0.7695035460992907,0.14726905446352265,0.10241984271022384,0.7054301710186764,0.43918442646321637,0.4539244738674656,1.0
Romania,Tianjin,0.03279455522830989,0.2543246550609364,0.5788189763756221,0.6793719290012513,0.4005060687601227,0.7695035460992907,0.6426462590319323,0.10241984271022384,0.7054301710186764,0.43918442646321637,0.3112462107231874,1.0
Nigeria,Tianjin,0.0025965561832302824,0.0018114175444932956,0.17585628381431123,0.6793719290012513,0.519062882182665,0.7695035460992907,0.056095097506021284,0.10241984271022384,0.7054301710186764,0.43918442646321637,0.0,1.0
Peru,Tianjin,0.043728358664313426,0.1957967245462401,0.41593015100108377,0.6793719290012513,0.24233434180180108,0.7695035460992907,0.22702198741356536,0.10241984271022384,0.7054301710186764,0.43918442646321637,0.058483730928682316,1.0
Chile,Tianjin,0.05112172765613549,0.39757657141702674,0.5718431688607803,0.6793719290012513,0.23796458018193387,0.7695035460992907,0.37992385983995025,0.10241984271022384,0.7054301710186764,0.43918442646321637,0.0,1.0
Libya,Tianjin,0.0049388317538119645,0.11053040695882839,0.4039045989586634,0.6793719290012513,0.012661590182042094,0.7695035460992907,0.1210861626913216,0.10241984271022384,0.7054301710186764,0.43918442646321637,0.0,1.0
South Korea,Chongqing,0.29961037246004446,0.8815535044008231,0.7225731891516937,0.49983516905629494,0.6411953971888407,0.2326241134751773,0.4897443866055473,0.3278281911675741,0.7849965008966452,0.9544215336685967,0.7548431167195088,12.0
Singapore,Chongqing,0.02196320796931059,0.5940187458294157,0.9140623695695048,0.49983516905629494,1.0,0.2326241134751773,0.45120814233548284,0.3278281911675741,0.7849965008966452,0.9544215336685967,0.7333226130189525,84.0
USA,Chongqing,1.0,0.45067672637686473,0.8977017564004062,0.49983516905629494,0.28705165370378527,0.2326241134751773,0.547976070235413,0.3278281911675741,0.7849965008966452,0.9544215336685967,0.6632292818329465,3.0
Japan,Chongqing,0.3253773414649379,0.4002109238459136,0.7321697866418041,0.49983516905629494,0.5859665317401135,0.2326241134751773,1.0,0.3278281911675741,0.7849965008966452,0.9544215336685967,0.7226675003879298,2.0
Germany,Chongqing,0.3732729167115801,0.6826083852075752,0.8051323022985117,0.49983516905629494,0.5352983245413203,0.2326241134751773,0.7826120736539508,0.3278281911675741,0.7849965008966452,0.9544215336685967,0.5016400396387657,4.0
Australia,Chongqing,0.10833721219838842,0.6309647356530745,0.8632909191448334,0.49983516905629494,0.0,0.2326241134751773,0.5515111490948644,0.3278281911675741,0.7849965008966452,0.9544215336685967,0.6713508321254946,4.0
United Kingdom,Chongqing,0.2386239708933316,0.5388984222621804,0.794005663617149,0.49983516905629494,0.5539184881648415,0.2326241134751773,0.6685572216610987,0.3278281911675741,0.7849965008966452,0.9544215336685967,0.5928490606253444,4.0
France,Chongqing,0.3757482236726039,0.8864200543798183,0.7711180677205943,0.49983516905629494,0.448380101239992,0.2326241134751773,0.7152124932017715,0.3278281911675741,0.7849965008966452,0.9544215336685967,0.5464892875965359,2.0
Hong Kong,Chongqing,0.0,0.0,0.8074304884941063,0.49983516905629494,0.9844495303424121,0.2326241134751773,0.5825499184212571,0.3278281911675741,0.7849965008966452,0.9544215336685967,0.8150450565015134,1.0
Russia,Chongqing,0.2199293603511499,0.23170149466167805,0.5717054465695758,0.49983516905629494,0.11260396323511401,0.2326241134751773,0.5,0.3278281911675741,0.7849965008966452,0.9544215336685967,0.4964005527038051,1.0
Israel,Chongqing,0.04685512215547543,0.7560061561848773,0.8296980854737773,0.49983516905629494,0.605327384097889,0.2326241134751773,0.4050190350400124,0.3278281911675741,0.7849965008966452,0.9544215336685967,0.2897398839845367,1.0
Denmark,Chongqing,0.03318000740153861,0.8599762192492212,0.8709899486856766,0.49983516905629494,0.46255519373399206,0.2326241134751773,0.7136197653639966,0.3278281911675741,0.7849965008966452,0.9544215336685967,0.3396357826689758,1.0
Malaysia,Chongqing,0.04916638433280882,0.22086829043816142,0.5212938002699163,0.49983516905629494,0.4166149605282221,0.2326241134751773,0.1936912438815943,0.3278281911675741,0.7849965008966452,0.9544215336685967,0.6816589226440246,1.0
India,Chongqing,0.4352989923831301,0.04682942837319786,0.19399826877417942,0.49983516905629494,0.6201734563910405,0.2326241134751773,0.18188174966980034,0.3278281911675741,0.7849965008966452,0.9544215336685967,0.4523546762407786,1.0
Bangladesh,Chongqing,0.019844686484585233,0.01767376824324753,0.21799383012922646,0.49983516905629494,0.7569227495637432,0.2326241134751773,0.14726905446352265,0.3278281911675741,0.7849965008966452,0.9544215336685967,0.40034979821440264,1.0
Norway,Chongqing,0.014422250280011505,0.4046146529324077,0.9644954433500131,0.49983516905629494,0.17276155722204878,0.2326241134751773,0.6026726750058271,0.3278281911675741,0.7849965008966452,0.9544215336685967,0.2568791103071564,1.0
South Korea,Guangdong,0.29961037246004446,0.8815535044008231,0.7225731891516937,0.5820647054998797,0.6411953971888407,0.6340425531914894,0.4897443866055473,0.7035692679975801,0.8866184382163835,0.8904394765933983,0.8882763052451971,19.0
Singapore,Guangdong,0.02196320796931059,0.5940187458294157,0.9140623695695048,0.5820647054998797,1.0,0.6340425531914894,0.45120814233548284,0.7035692679975801,0.8866184382163835,0.8904394765933983,0.8835503198895748,9.0
USA,Guangdong,1.0,0.45067672637686473,0.8977017564004062,0.5820647054998797,0.28705165370378527,0.6340425531914894,0.547976070235413,0.7035692679975801,0.8866184382163835,0.8904394765933983,0.8696377803804038,6.0
Japan,Guangdong,0.3253773414649379,0.4002109238459136,0.7321697866418041,0.5820647054998797,0.5859665317401135,0.6340425531914894,1.0,0.7035692679975801,0.8866184382163835,0.8904394765933983,0.9042936096296008,1.0
Germany,Guangdong,0.3732729167115801,0.6826083852075752,0.8051323022985117,0.5820647054998797,0.5352983245413203,0.6340425531914894,0.7826120736539508,0.7035692679975801,0.8866184382163835,0.8904394765933983,0.7746927674085315,1.0
Australia,Guangdong,0.10833721219838842,0.6309647356530745,0.8632909191448334,0.5820647054998797,0.0,0.6340425531914894,0.5515111490948644,0.7035692679975801,0.8866184382163835,0.8904394765933983,0.8271438293852721,2.0
Hong Kong,Guangdong,0.0,0.0,0.8074304884941063,0.5820647054998797,0.9844495303424121,0.6340425531914894,0.5825499184212571,0.7035692679975801,0.8866184382163835,0.8904394765933983,0.7311104289237685,3.0
Netherlands,Guangdong,0.0838278776733618,0.7276435009869736,0.8345649070478215,0.5820647054998797,0.6362346517280622,0.6340425531914894,0.6787351410146842,0.7035692679975801,0.8866184382163835,0.8904394765933983,0.7246390239248628,1.0
Croatia,Guangdong,0.012367138282517816,0.46782063603810536,0.6087227116757035,0.5820647054998797,0.3816737092513709,0.6340425531914894,0.7154455753243727,0.7035692679975801,0.8866184382163835,0.8904394765933983,0.3796677897142779,1.0
South Africa,Guangdong,0.039655594174452004,0.10094297223838743,0.4057222160396226,0.5820647054998797,0.3222976340997447,0.6340425531914894,0.15682542149017173,0.7035692679975801,0.8866184382163835,0.8904394765933983,0.7445750365776823,1.0
Philippines,Guangdong,0.03972803016577822,0.05241400326820947,0.2714778280508851,0.5820647054998797,0.5875143814059396,0.6340425531914894,0.13580918343563048,0.7035692679975801,0.8866184382163835,0.8904394765933983,0.8235960721804311,1.0
Cambodia,Guangdong,0.0013507915075611431,0.012281884581543853,0.1350423287225805,0.5820647054998797,0.4087767736461633,0.6340425531914894,0.12061999844611918,0.7035692679975801,0.8866184382163835,0.8904394765933983,0.890971456554562,1.0
Kenya,Guangdong,0.0033395825564161864,0.009423919289596868,0.16778767761113839,0.5820647054998797,0.40384317544525544,0.6340425531914894,0.05357004117784166,0.7035692679975801,0.8866184382163835,0.8904394765933983,0.7287489191404694,1.0
South Korea,Sichuan,0.29961037246004446,0.8815535044008231,0.7225731891516937,0.29948489022806,0.6411953971888407,0.5307328605200946,0.4897443866055473,0.9055051421657593,0.515937217169831,0.7285852509648936,0.7676042635152055,40.0
Singapore,Sichuan,0.02196320796931059,0.5940187458294157,0.9140623695695048,0.29948489022806,1.0,0.5307328605200946,0.45120814233548284,0.9055051421657593,0.515937217169831,0.7285852509648936,0.8130352093107522,55.0
USA,Sichuan,1.0,0.45067672637686473,0.8977017564004062,0.29948489022806,0.28705165370378527,0.5307328605200946,0.547976070235413,0.9055051421657593,0.515937217169831,0.7285852509648936,0.7340847804938703,6.0
Japan,Sichuan,0.3253773414649379,0.4002109238459136,0.7321697866418041,0.29948489022806,0.5859665317401135,0.5307328605200946,1.0,0.9055051421657593,0.515937217169831,0.7285852509648936,0.8147485050653199,5.0
South Korea,Shanghai,0.29961037246004446,0.8815535044008231,0.7225731891516937,0.9614028632883067,0.6411953971888407,0.659338061465721,0.4897443866055473,0.24065335753176043,0.8639313519660587,0.8796259055073825,0.8766538700183358,28.0
Singapore,Shanghai,0.02196320796931059,0.5940187458294157,0.9140623695695048,0.9614028632883067,1.0,0.659338061465721,0.45120814233548284,0.24065335753176043,0.8639313519660587,0.8796259055073825,0.9202461838636294,6.0
USA,Shanghai,1.0,0.45067672637686473,0.8977017564004062,0.9614028632883067,0.28705165370378527,0.659338061465721,0.547976070235413,0.24065335753176043,0.8639313519660587,0.8796259055073825,0.9452150853975173,45.0
Japan,Shanghai,0.3253773414649379,0.4002109238459136,0.7321697866418041,0.9614028632883067,0.5859665317401135,0.659338061465721,1.0,0.24065335753176043,0.8639313519660587,0.8796259055073825,0.9524627665095666,12.0
Germany,Shanghai,0.3732729167115801,0.6826083852075752,0.8051323022985117,0.9614028632883067,0.5352983245413203,0.659338061465721,0.7826120736539508,0.24065335753176043,0.8639313519660587,0.8796259055073825,0.8749087854662747,12.0
Australia,Shanghai,0.10833721219838842,0.6309647356530745,0.8632909191448334,0.9614028632883067,0.0,0.659338061465721,0.5515111490948644,0.24065335753176043,0.8639313519660587,0.8796259055073825,0.8853285761093243,5.0
United Kingdom,Shanghai,0.2386239708933316,0.5388984222621804,0.794005663617149,0.9614028632883067,0.5539184881648415,0.659338061465721,0.6685572216610987,0.24065335753176043,0.8639313519660587,0.8796259055073825,0.8581272519376313,13.0
France,Shanghai,0.3757482236726039,0.8864200543798183,0.7711180677205943,0.9614028632883067,0.448380101239992,0.659338061465721,0.7152124932017715,0.24065335753176043,0.8639313519660587,0.8796259055073825,0.8209028662991472,10.0
Ireland,Shanghai,0.016619614918624265,0.5044319050465441,0.9604180061082939,0.9614028632883067,0.37465564487752956,0.659338061465721,0.4902882448916168,0.24065335753176043,0.8639313519660587,0.8796259055073825,0.6516693165723823,2.0
Hong Kong,Shanghai,0.0,0.0,0.8074304884941063,0.9614028632883067,0.9844495303424121,0.659338061465721,0.5825499184212571,0.24065335753176043,0.8639313519660587,0.8796259055073825,1.0,5.0
Canada,Shanghai,0.045055566360745106,0.1786312073032124,0.8308346079960006,0.9614028632883067,0.02403473083927957,0.659338061465721,0.6090047393364929,0.24065335753176043,0.8639313519660587,0.8796259055073825,0.8565722388153864,9.0
Russia,Shanghai,0.2199293603511499,0.23170149466167805,0.5717054465695758,0.9614028632883067,0.11260396323511401,0.659338061465721,0.5,0.24065335753176043,0.8639313519660587,0.8796259055073825,0.7594916834297607,1.0
Israel,Shanghai,0.04685512215547543,0.7560061561848773,0.8296980854737773,0.9614028632883067,0.605327384097889,0.659338061465721,0.4050190350400124,0.24065335753176043,0.8639313519660587,0.8796259055073825,0.7189848940234793,2.0
Denmark,Shanghai,0.03318000740153861,0.8599762192492212,0.8709899486856766,0.9614028632883067,0.46255519373399206,0.659338061465721,0.7136197653639966,0.24065335753176043,0.8639313519660587,0.8796259055073825,0.7041009473602075,4.0
Netherlands,Shanghai,0.0838278776733618,0.7276435009869736,0.8345649070478215,0.9614028632883067,0.6362346517280622,0.659338061465721,0.6787351410146842,0.24065335753176043,0.8639313519660587,0.8796259055073825,0.7651123412517488,2.0
Belgium,Shanghai,0.04648169558371033,0.6079801474378165,0.8098998038870868,0.9614028632883067,0.5961310515580008,0.659338061465721,0.6706549607645095,0.24065335753176043,0.8639313519660587,0.8796259055073825,0.6220694922972725,2.0
Spain,Shanghai,0.1349769477496672,0.43269746953364746,0.7034088210919772,0.9614028632883067,0.4122502638927435,0.659338061465721,0.7042576334395152,0.24065335753176043,0.8639313519660587,0.8796259055073825,0.8098504757491854,4.0
Malaysia,Shanghai,0.04916638433280882,0.22086829043816142,0.5212938002699163,0.9614028632883067,0.4166149605282221,0.659338061465721,0.1936912438815943,0.24065335753176043,0.8639313519660587,0.8796259055073825,0.8550684512993258,3.0
Croatia,Shanghai,0.012367138282517816,0.46782063603810536,0.6087227116757035,0.9614028632883067,0.3816737092513709,0.659338061465721,0.7154455753243727,0.24065335753176043,0.8639313519660587,0.8796259055073825,0.4840186328503595,2.0
New Zealand,Shanghai,0.02138857896593187,0.6288731766643266,0.8043626589528691,0.9614028632883067,0.20151535030351075,0.659338061465721,0.5444409913759614,0.24065335753176043,0.8639313519660587,0.8796259055073825,0.8565952671543571,3.0
Austria,Shanghai,0.05863606348761956,1.0,0.8200796681155692,0.9614028632883067,0.4302041375479534,0.659338061465721,0.6951674306580686,0.24065335753176043,0.8639313519660587,0.8796259055073825,0.6951644520544317,4.0
Brazil,Shanghai,0.3622741847650021,0.25651940639716636,0.4614812000403211,0.9614028632883067,0.24188189345562167,0.659338061465721,0.28144666304094473,0.24065335753176043,0.8639313519660587,0.8796259055073825,0.6562802817928177,2.0
Luxembourg,Shanghai,0.0037010809000088667,0.8713149666592045,1.0,0.9614028632883067,0.5321588055155148,0.659338061465721,0.5052055007380933,0.24065335753176043,0.8639313519660587,0.8796259055073825,0.4606480977581139,1.0
Italy,Shanghai,0.25005605293508126,0.645748975650313,0.7342174963884783,0.9614028632883067,0.5166937260629108,0.659338061465721,0.8435242016937301,0.24065335753176043,0.8639313519660587,0.8796259055073825,0.7888779432970885,1.0
Czech Republic,Shanghai,0.04509202292097166,0.6551084166094558,0.6912044364369602,0.9614028632883067,0.4631862459309869,0.659338061465721,0.6883692020822003,0.24065335753176043,0.8639313519660587,0.8796259055073825,0.572337559698929,1.0
Sweden,Shanghai,0.02629701077823013,0.3800448312711444,0.8341575411331088,0.9614028632883067,0.24023192714156916,0.659338061465721,0.7255846476575247,0.24065335753176043,0.8639313519660587,0.8796259055073825,0.6937032933174352,1.0
Indonesia,Shanghai,0.0656688689194445,0.036340417859396894,0.3351894624771299,0.9614028632883067,0.4711467914849187,0.659338061465721,0.1558542459793334,0.24065335753176043,0.8639313519660587,0.8796259055073825,0.8309193459413984,1.0
Thailand,Shanghai,0.04604424607297898,0.09791029209292361,0.40964925043775435,0.9614028632883067,0.46120999746818786,0.659338061465721,0.3910341076839406,0.24065335753176043,0.8639313519660587,0.8796259055073825,0.9696142204078885,1.0
Greece,Shanghai,0.05123143814333438,0.752116859752369,0.6328112141192183,0.9614028632883067,0.3979410580521036,0.659338061465721,0.7415507730557067,0.24065335753176043,0.8639313519660587,0.8796259055073825,0.6808178022718061,1.0
Paraguay,Shanghai,0.0071643275362533905,0.16108389722824845,0.3861244445200315,0.9614028632883067,0.1939723855242103,0.659338061465721,0.19699324061844456,0.24065335753176043,0.8639313519660587,0.8796259055073825,0.2096619822815922,1.0
Ghana,Shanghai,0.0016690950591759885,0.00760156954089334,0.17505905264710858,0.9614028632883067,0.45275077438859823,0.659338061465721,0.08072410846088104,0.24065335753176043,0.8639313519660587,0.8796259055073825,0.5383176621141839,1.0
Finland,Shanghai,0.014296171342561323,0.39337403259549514,0.8137695201563012,0.9614028632883067,0.20103116138145063,0.659338061465721,0.773871494056406,0.24065335753176043,0.8639313519660587,0.8796259055073825,0.7334359620718801,1.0
Iceland,Shanghai,0.0020303402322115406,0.8300935690238375,0.888189827984608,0.9614028632883067,0.006226168814798109,0.659338061465721,0.5098282961696837,0.24065335753176043,0.8639313519660587,0.8796259055073825,0.5086311086997739,1.0
Jamaica,Shanghai,0.0015047873675993451,0.08114182140239988,0.38260111722049744,0.9614028632883067,0.5509719454776912,0.659338061465721,0.3254214901717038,0.24065335753176043,0.8639313519660587,0.8796259055073825,0.336567292201365,1.0
Togo,Shanghai,0.00038404999783539176,0.006617019445833416,0.0,0.9614028632883067,0.4689974780189932,0.659338061465721,0.05951363530417217,0.24065335753176043,0.8639313519660587,0.8796259055073825,0.38939704882351894,1.0
Lithuania,Shanghai,0.0127845970565651,0.708760159465943,0.6694165236599671,0.9614028632883067,0.3177239488365884,0.659338061465721,0.687398026571362,0.24065335753176043,0.8639313519660587,0.8796259055073825,0.4651910767705837,1.0
South Korea,Yunnan,0.29961037246004446,0.8815535044008231,0.7225731891516937,0.22685870899761496,0.6411953971888407,0.46382978723404256,0.4897443866055473,0.30120992135511193,0.7212930668371069,0.7540971579110227,0.7381579096689624,16.0
Singapore,Yunnan,0.02196320796931059,0.5940187458294157,0.9140623695695048,0.22685870899761496,1.0,0.46382978723404256,0.45120814233548284,0.30120992135511193,0.7212930668371069,0.7540971579110227,0.7097603042539216,12.0
USA,Yunnan,1.0,0.45067672637686473,0.8977017564004062,0.22685870899761496,0.28705165370378527,0.46382978723404256,0.547976070235413,0.30120992135511193,0.7212930668371069,0.7540971579110227,0.6186627021448663,15.0
Japan,Yunnan,0.3253773414649379,0.4002109238459136,0.7321697866418041,0.22685870899761496,0.5859665317401135,0.46382978723404256,1.0,0.30120992135511193,0.7212930668371069,0.7540971579110227,0.7379702624684782,3.0
Germany,Yunnan,0.3732729167115801,0.6826083852075752,0.8051323022985117,0.22685870899761496,0.5352983245413203,0.46382978723404256,0.7826120736539508,0.30120992135511193,0.7212930668371069,0.7540971579110227,0.4834725196908531,1.0
Australia,Yunnan,0.10833721219838842,0.6309647356530745,0.8632909191448334,0.22685870899761496,0.0,0.46382978723404256,0.5515111490948644,0.30120992135511193,0.7212930668371069,0.7540971579110227,0.6562449418180252,4.0
Hong Kong,Yunnan,0.0,0.0,0.8074304884941063,0.22685870899761496,0.9844495303424121,0.46382978723404256,0.5825499184212571,0.30120992135511193,0.7212930668371069,0.7540971579110227,0.8023172444409624,1.0
Czech Republic,Yunnan,0.04509202292097166,0.6551084166094558,0.6912044364369602,0.22685870899761496,0.4631862459309869,0.46382978723404256,0.6883692020822003,0.30120992135511193,0.7212930668371069,0.7540971579110227,0.228489538361368,1.0
South Korea,Zhejiang,0.29961037246004446,0.8815535044008231,0.7225731891516937,0.6752563873880127,0.6411953971888407,0.2801418439716312,0.4897443866055473,0.5561403508771929,0.7528484888247386,0.953246217779695,0.8125154715122224,31.0
Singapore,Zhejiang,0.02196320796931059,0.5940187458294157,0.9140623695695048,0.6752563873880127,1.0,0.2801418439716312,0.45120814233548284,0.5561403508771929,0.7528484888247386,0.953246217779695,0.820993202698123,16.0
USA,Zhejiang,1.0,0.45067672637686473,0.8977017564004062,0.6752563873880127,0.28705165370378527,0.2801418439716312,0.547976070235413,0.5561403508771929,0.7528484888247386,0.953246217779695,0.6970159975760677,9.0
Japan,Zhejiang,0.3253773414649379,0.4002109238459136,0.7321697866418041,0.6752563873880127,0.5859665317401135,0.2801418439716312,1.0,0.5561403508771929,0.7528484888247386,0.953246217779695,0.8554394155921797,6.0
Germany,Zhejiang,0.3732729167115801,0.6826083852075752,0.8051323022985117,0.6752563873880127,0.5352983245413203,0.2801418439716312,0.7826120736539508,0.5561403508771929,0.7528484888247386,0.953246217779695,0.7371883902912632,5.0
Australia,Zhejiang,0.10833721219838842,0.6309647356530745,0.8632909191448334,0.6752563873880127,0.0,0.2801418439716312,0.5515111490948644,0.5561403508771929,0.7528484888247386,0.953246217779695,0.724748957736615,3.0
United Kingdom,Zhejiang,0.2386239708933316,0.5388984222621804,0.794005663617149,0.6752563873880127,0.5539184881648415,0.2801418439716312,0.6685572216610987,0.5561403508771929,0.7528484888247386,0.953246217779695,0.6463556824057266,2.0
France,Zhejiang,0.3757482236726039,0.8864200543798183,0.7711180677205943,0.6752563873880127,0.448380101239992,0.2801418439716312,0.7152124932017715,0.5561403508771929,0.7528484888247386,0.953246217779695,0.7246861559558342,3.0
Ireland,Zhejiang,0.016619614918624265,0.5044319050465441,0.9604180061082939,0.6752563873880127,0.37465564487752956,0.2801418439716312,0.4902882448916168,0.5561403508771929,0.7528484888247386,0.953246217779695,0.4193239645631844,5.0
Canada,Zhejiang,0.045055566360745106,0.1786312073032124,0.8308346079960006,0.6752563873880127,0.02403473083927957,0.2801418439716312,0.6090047393364929,0.5561403508771929,0.7528484888247386,0.953246217779695,0.5475214006325846,1.0
Netherlands,Zhejiang,0.0838278776733618,0.7276435009869736,0.8345649070478215,0.6752563873880127,0.6362346517280622,0.2801418439716312,0.6787351410146842,0.5561403508771929,0.7528484888247386,0.953246217779695,0.6863638403374058,1.0
Belgium,Zhejiang,0.04648169558371033,0.6079801474378165,0.8098998038870868,0.6752563873880127,0.5961310515580008,0.2801418439716312,0.6706549607645095,0.5561403508771929,0.7528484888247386,0.953246217779695,0.554294664261799,1.0
Spain,Zhejiang,0.1349769477496672,0.43269746953364746,0.7034088210919772,0.6752563873880127,0.4122502638927435,0.2801418439716312,0.7042576334395152,0.5561403508771929,0.7528484888247386,0.953246217779695,0.7826025573676847,1.0
Croatia,Zhejiang,0.012367138282517816,0.46782063603810536,0.6087227116757035,0.6752563873880127,0.3816737092513709,0.2801418439716312,0.7154455753243727,0.5561403508771929,0.7528484888247386,0.953246217779695,0.11696746185736463,1.0
South Africa,Zhejiang,0.039655594174452004,0.10094297223838743,0.4057222160396226,0.6752563873880127,0.3222976340997447,0.2801418439716312,0.15682542149017173,0.5561403508771929,0.7528484888247386,0.953246217779695,0.560893312475336,1.0
Austria,Zhejiang,0.05863606348761956,1.0,0.8200796681155692,0.6752563873880127,0.4302041375479534,0.2801418439716312,0.6951674306580686,0.5561403508771929,0.7528484888247386,0.953246217779695,0.5178657399354879,1.0
Brazil,Zhejiang,0.3622741847650021,0.25651940639716636,0.4614812000403211,0.6752563873880127,0.24188189345562167,0.2801418439716312,0.28144666304094473,0.5561403508771929,0.7528484888247386,0.953246217779695,0.5854121235003806,1.0
Italy,Zhejiang,0.25005605293508126,0.645748975650313,0.7342174963884783,0.6752563873880127,0.5166937260629108,0.2801418439716312,0.8435242016937301,0.5561403508771929,0.7528484888247386,0.953246217779695,0.8670537753876834,2.0
Switzerland,Zhejiang,0.04280626280860444,0.746666357267275,0.9356657783977224,0.6752563873880127,0.521962166459117,0.2801418439716312,0.6654106130059825,0.5561403508771929,0.7528484888247386,0.953246217779695,0.5074023366633743,2.0
Vietnam,Zhejiang,0.11224416944798866,0.17428681852995728,0.30681220316294616,0.6752563873880127,0.5699632627206648,0.2801418439716312,0.22698314039313183,0.5561403508771929,0.7528484888247386,0.953246217779695,0.752639312590393,1.0
Pakistan,Zhejiang,0.015375301104994056,0.009940039873537318,0.11223230296973108,0.6752563873880127,0.545253715534541,0.2801418439716312,0.1238443011421024,0.5561403508771929,0.7528484888247386,0.953246217779695,0.5965866092478391,1.0
Portugal,Zhejiang,0.05425566755885918,0.805364597984498,0.6648477596290677,0.6752563873880127,0.4369486026552737,0.2801418439716312,0.7845155776551939,0.5561403508771929,0.7528484888247386,0.953246217779695,0.7002245282228533,1.0
Sweden,Zhejiang,0.02629701077823013,0.3800448312711444,0.8341575411331088,0.6752563873880127,0.24023192714156916,0.2801418439716312,0.7255846476575247,0.5561403508771929,0.7528484888247386,0.953246217779695,0.41634223419430666,1.0
Philippines,Zhejiang,0.03972803016577822,0.05241400326820947,0.2714778280508851,0.6752563873880127,0.5875143814059396,0.2801418439716312,0.13580918343563048,0.5561403508771929,0.7528484888247386,0.953246217779695,0.7399200475297278,1.0
Romania,Zhejiang,0.03279455522830989,0.2543246550609364,0.5788189763756221,0.6752563873880127,0.4005060687601227,0.2801418439716312,0.6426462590319323,0.5561403508771929,0.7528484888247386,0.953246217779695,0.40252264417704353,1.0
Mexico,Zhejiang,0.07342401863740373,0.08779464663766114,0.5057778233457467,0.6752563873880127,0.3680776193645938,0.2801418439716312,0.21560096340610677,0.5561403508771929,0.7528484888247386,0.953246217779695,0.521259021737195,1.0
Bahrain,Zhejiang,0.00678315978783762,0.7024386925469153,0.7088829716124556,0.6752563873880127,0.813306764229297,0.2801418439716312,0.041372076761712374,0.5561403508771929,0.7528484888247386,0.953246217779695,0.3112462107231874,2.0
South Korea,Liaoning,0.29961037246004446,0.8815535044008231,0.7225731891516937,0.306699750652279,0.6411953971888407,0.16453900709219857,0.4897443866055473,0.4719903206291591,0.3726217031885579,0.38138362585902247,0.861808848919354,8.0
Singapore,Liaoning,0.02196320796931059,0.5940187458294157,0.9140623695695048,0.306699750652279,1.0,0.16453900709219857,0.45120814233548284,0.4719903206291591,0.3726217031885579,0.38138362585902247,0.7601854433223222,3.0
USA,Liaoning,1.0,0.45067672637686473,0.8977017564004062,0.306699750652279,0.28705165370378527,0.16453900709219857,0.547976070235413,0.4719903206291591,0.3726217031885579,0.38138362585902247,0.6842092754579909,1.0
Ireland,Liaoning,0.016619614918624265,0.5044319050465441,0.9604180061082939,0.306699750652279,0.37465564487752956,0.16453900709219857,0.4902882448916168,0.4719903206291591,0.3726217031885579,0.38138362585902247,0.49304431863863024,1.0
Malaysia,Liaoning,0.04916638433280882,0.22086829043816142,0.5212938002699163,0.306699750652279,0.4166149605282221,0.16453900709219857,0.1936912438815943,0.4719903206291591,0.3726217031885579,0.38138362585902247,0.6605515608196902,1.0
South Korea,Guangxi,0.29961037246004446,0.8815535044008231,0.7225731891516937,0.12086951309225699,0.6411953971888407,0.3293144208037825,0.4897443866055473,0.3686630369026013,0.7685306681829448,0.8766947209031105,0.6851429906776955,6.0
Singapore,Guangxi,0.02196320796931059,0.5940187458294157,0.9140623695695048,0.12086951309225699,1.0,0.3293144208037825,0.45120814233548284,0.3686630369026013,0.7685306681829448,0.8766947209031105,0.683111003523448,6.0
USA,Guangxi,1.0,0.45067672637686473,0.8977017564004062,0.12086951309225699,0.28705165370378527,0.3293144208037825,0.547976070235413,0.3686630369026013,0.7685306681829448,0.8766947209031105,0.5821585386279483,2.0
Japan,Guangxi,0.3253773414649379,0.4002109238459136,0.7321697866418041,0.12086951309225699,0.5859665317401135,0.3293144208037825,1.0,0.3686630369026013,0.7685306681829448,0.8766947209031105,0.6603497890489615,2.0
France,Guangxi,0.3757482236726039,0.8864200543798183,0.7711180677205943,0.12086951309225699,0.448380101239992,0.3293144208037825,0.7152124932017715,0.3686630369026013,0.7685306681829448,0.8766947209031105,0.4233289151275868,1.0
Ireland,Guangxi,0.016619614918624265,0.5044319050465441,0.9604180061082939,0.12086951309225699,0.37465564487752956,0.3293144208037825,0.4902882448916168,0.3686630369026013,0.7685306681829448,0.8766947209031105,0.15117825135290988,1.0
Luxembourg,Guangxi,0.0037010809000088667,0.8713149666592045,1.0,0.12086951309225699,0.5321588055155148,0.3293144208037825,0.5052055007380933,0.3686630369026013,0.7685306681829448,0.8766947209031105,0.058483730928682316,1.0
Thailand,Guangxi,0.04604424607297898,0.09791029209292361,0.40964925043775435,0.12086951309225699,0.46120999746818786,0.3293144208037825,0.3910341076839406,0.3686630369026013,0.7685306681829448,0.8766947209031105,0.7700155176786359,1.0
South Korea,Hubei,0.29961037246004446,0.8815535044008231,0.7225731891516937,0.49627314787938376,0.6411953971888407,0.4444444444444444,0.4897443866055473,0.5385359951603146,0.6292237549023896,0.6777918369178162,0.7399986814483583,10.0
Singapore,Hubei,0.02196320796931059,0.5940187458294157,0.9140623695695048,0.49627314787938376,1.0,0.4444444444444444,0.45120814233548284,0.5385359951603146,0.6292237549023896,0.6777918369178162,0.7525151747930495,10.0
USA,Hubei,1.0,0.45067672637686473,0.8977017564004062,0.49627314787938376,0.28705165370378527,0.4444444444444444,0.547976070235413,0.5385359951603146,0.6292237549023896,0.6777918369178162,0.6462363693687573,4.0
Hong Kong,Hubei,0.0,0.0,0.8074304884941063,0.49627314787938376,0.9844495303424121,0.4444444444444444,0.5825499184212571,0.5385359951603146,0.6292237549023896,0.6777918369178162,0.8226422944942764,2.0
South Korea,Jiangxi,0.29961037246004446,0.8815535044008231,0.7225731891516937,0.3121516260874304,0.6411953971888407,0.6271867612293144,0.4897443866055473,0.32147610405323657,0.7621879554654443,0.8666635702189728,0.36540211155814584,6.0
Singapore,Jiangxi,0.02196320796931059,0.5940187458294157,0.9140623695695048,0.3121516260874304,1.0,0.6271867612293144,0.45120814233548284,0.32147610405323657,0.7621879554654443,0.8666635702189728,0.3211840587855955,3.0
USA,Jiangxi,1.0,0.45067672637686473,0.8977017564004062,0.3121516260874304,0.28705165370378527,0.6271867612293144,0.547976070235413,0.32147610405323657,0.7621879554654443,0.8666635702189728,0.3300737668029632,3.0
Japan,Jiangxi,0.3253773414649379,0.4002109238459136,0.7321697866418041,0.3121516260874304,0.5859665317401135,0.6271867612293144,1.0,0.32147610405323657,0.7621879554654443,0.8666635702189728,0.4100427282860174,2.0
New Zealand,Jiangxi,0.02138857896593187,0.6288731766643266,0.8043626589528691,0.3121516260874304,0.20151535030351075,0.6271867612293144,0.5444409913759614,0.32147610405323657,0.7621879554654443,0.8666635702189728,0.40464093590111927,1.0
South Korea,Xinjiang,0.29961037246004446,0.8815535044008231,0.7225731891516937,0.27197085232878565,0.6411953971888407,0.5628841607565012,0.4897443866055473,0.09649122807017543,0.22670619881596518,0.43690452548835873,0.5291095605545244,32.0
Singapore,Xinjiang,0.02196320796931059,0.5940187458294157,0.9140623695695048,0.27197085232878565,1.0,0.5628841607565012,0.45120814233548284,0.09649122807017543,0.22670619881596518,0.43690452548835873,0.4927994006478368,13.0
USA,Xinjiang,1.0,0.45067672637686473,0.8977017564004062,0.27197085232878565,0.28705165370378527,0.5628841607565012,0.547976070235413,0.09649122807017543,0.22670619881596518,0.43690452548835873,0.39736278934518954,10.0
Germany,Xinjiang,0.3732729167115801,0.6826083852075752,0.8051323022985117,0.27197085232878565,0.5352983245413203,0.5628841607565012,0.7826120736539508,0.09649122807017543,0.22670619881596518,0.43690452548835873,0.3560175388460368,3.0
Australia,Xinjiang,0.10833721219838842,0.6309647356530745,0.8632909191448334,0.27197085232878565,0.0,0.5628841607565012,0.5515111490948644,0.09649122807017543,0.22670619881596518,0.43690452548835873,0.5616558990997772,2.0
United Kingdom,Xinjiang,0.2386239708933316,0.5388984222621804,0.794005663617149,0.27197085232878565,0.5539184881648415,0.5628841607565012,0.6685572216610987,0.09649122807017543,0.22670619881596518,0.43690452548835873,0.4119824502321518,1.0
Canada,Xinjiang,0.045055566360745106,0.1786312073032124,0.8308346079960006,0.27197085232878565,0.02403473083927957,0.5628841607565012,0.6090047393364929,0.09649122807017543,0.22670619881596518,0.43690452548835873,0.3468516466587176,1.0
Russia,Xinjiang,0.2199293603511499,0.23170149466167805,0.5717054465695758,0.27197085232878565,0.11260396323511401,0.5628841607565012,0.5,0.09649122807017543,0.22670619881596518,0.43690452548835873,0.5918692689527263,1.0
Israel,Xinjiang,0.04685512215547543,0.7560061561848773,0.8296980854737773,0.27197085232878565,0.605327384097889,0.5628841607565012,0.4050190350400124,0.09649122807017543,0.22670619881596518,0.43690452548835873,0.13579501793714044,1.0
Turkey,Xinjiang,0.16558013653410247,0.29580353104584406,0.49688426741837116,0.27197085232878565,0.4279263746537623,0.5628841607565012,0.2659467018879652,0.09649122807017543,0.22670619881596518,0.43690452548835873,0.44788077975220125,1.0
Brunei,Xinjiang,0.0027454983694550268,0.9322384706074337,0.7512841003350391,0.27197085232878565,0.39455153807586757,0.5628841607565012,0.12757361510372156,0.09649122807017543,0.22670619881596518,0.43690452548835873,0.0,1.0
South Korea,Hunan,0.29961037246004446,0.8815535044008231,0.7225731891516937,0.35047967039138095,0.6411953971888407,0.8468085106382979,0.4897443866055473,0.6186932849364791,0.7574410619778682,0.846184811951621,0.8370459174372419,4.0
Singapore,Hunan,0.02196320796931059,0.5940187458294157,0.9140623695695048,0.35047967039138095,1.0,0.8468085106382979,0.45120814233548284,0.6186932849364791,0.7574410619778682,0.846184811951621,0.659026378304108,2.0
USA,Hunan,1.0,0.45067672637686473,0.8977017564004062,0.35047967039138095,0.28705165370378527,0.8468085106382979,0.547976070235413,0.6186932849364791,0.7574410619778682,0.846184811951621,0.6172156159464642,1.0
Japan,Hunan,0.3253773414649379,0.4002109238459136,0.7321697866418041,0.35047967039138095,0.5859665317401135,0.8468085106382979,1.0,0.6186932849364791,0.7574410619778682,0.846184811951621,0.6942457491173488,1.0
Australia,Hunan,0.10833721219838842,0.6309647356530745,0.8632909191448334,0.35047967039138095,0.0,0.8468085106382979,0.5515111490948644,0.6186932849364791,0.7574410619778682,0.846184811951621,0.673423438462952,1.0
Italy,Hunan,0.25005605293508126,0.645748975650313,0.7342174963884783,0.35047967039138095,0.5166937260629108,0.8468085106382979,0.8435242016937301,0.6186932849364791,0.7574410619778682,0.846184811951621,0.4754308006061162,1.0
South Korea,Shandong,0.29961037246004446,0.8815535044008231,0.7225731891516937,0.45908415571433725,0.6411953971888407,0.13687943262411348,0.4897443866055473,1.0,0.5865536018895158,0.44606285858630423,0.8971194522580851,53.0
Singapore,Shandong,0.02196320796931059,0.5940187458294157,0.9140623695695048,0.45908415571433725,1.0,0.13687943262411348,0.45120814233548284,1.0,0.5865536018895158,0.44606285858630423,0.7878961073714656,16.0
USA,Shandong,1.0,0.45067672637686473,0.8977017564004062,0.45908415571433725,0.28705165370378527,0.13687943262411348,0.547976070235413,1.0,0.5865536018895158,0.44606285858630423,0.6782701598451336,6.0
Japan,Shandong,0.3253773414649379,0.4002109238459136,0.7321697866418041,0.45908415571433725,0.5859665317401135,0.13687943262411348,1.0,1.0,0.5865536018895158,0.44606285858630423,0.8788324299177873,10.0
Germany,Shandong,0.3732729167115801,0.6826083852075752,0.8051323022985117,0.45908415571433725,0.5352983245413203,0.13687943262411348,0.7826120736539508,1.0,0.5865536018895158,0.44606285858630423,0.5931482601891723,1.0
Australia,Shandong,0.10833721219838842,0.6309647356530745,0.8632909191448334,0.45908415571433725,0.0,0.13687943262411348,0.5515111490948644,1.0,0.5865536018895158,0.44606285858630423,0.7425787384138621,5.0
United Kingdom,Shandong,0.2386239708933316,0.5388984222621804,0.794005663617149,0.45908415571433725,0.5539184881648415,0.13687943262411348,0.6685572216610987,1.0,0.5865536018895158,0.44606285858630423,0.7231647168912074,1.0
Ireland,Shandong,0.016619614918624265,0.5044319050465441,0.9604180061082939,0.45908415571433725,0.37465564487752956,0.13687943262411348,0.4902882448916168,1.0,0.5865536018895158,0.44606285858630423,0.2975338079173545,2.0
Russia,Shandong,0.2199293603511499,0.23170149466167805,0.5717054465695758,0.45908415571433725,0.11260396323511401,0.13687943262411348,0.5,1.0,0.5865536018895158,0.44606285858630423,0.6680049624348334,1.0
Netherlands,Shandong,0.0838278776733618,0.7276435009869736,0.8345649070478215,0.45908415571433725,0.6362346517280622,0.13687943262411348,0.6787351410146842,1.0,0.5865536018895158,0.44606285858630423,0.4634726021211377,1.0
Luxembourg,Shandong,0.0037010809000088667,0.8713149666592045,1.0,0.45908415571433725,0.5321588055155148,0.13687943262411348,0.5052055007380933,1.0,0.5865536018895158,0.44606285858630423,0.058483730928682316,1.0
Indonesia,Shandong,0.0656688689194445,0.036340417859396894,0.3351894624771299,0.45908415571433725,0.4711467914849187,0.13687943262411348,0.1558542459793334,1.0,0.5865536018895158,0.44606285858630423,0.6834445494805808,1.0
South Korea,Anhui,0.29961037246004446,0.8815535044008231,0.7225731891516937,0.35888384300479775,0.6411953971888407,0.37659574468085105,0.4897443866055473,0.5671506352087115,0.6827613910777468,0.7044477510170344,0.6502012477027609,17.0
Singapore,Anhui,0.02196320796931059,0.5940187458294157,0.9140623695695048,0.35888384300479775,1.0,0.37659574468085105,0.45120814233548284,0.5671506352087115,0.6827613910777468,0.7044477510170344,0.5163951286136419,3.0
USA,Anhui,1.0,0.45067672637686473,0.8977017564004062,0.35888384300479775,0.28705165370378527,0.37659574468085105,0.547976070235413,0.5671506352087115,0.6827613910777468,0.7044477510170344,0.512018484987412,4.0
Japan,Anhui,0.3253773414649379,0.4002109238459136,0.7321697866418041,0.35888384300479775,0.5859665317401135,0.37659574468085105,1.0,0.5671506352087115,0.6827613910777468,0.7044477510170344,0.5946285470802255,1.0
Germany,Anhui,0.3732729167115801,0.6826083852075752,0.8051323022985117,0.35888384300479775,0.5352983245413203,0.37659574468085105,0.7826120736539508,0.5671506352087115,0.6827613910777468,0.7044477510170344,0.5468778110240343,2.0
Australia,Anhui,0.10833721219838842,0.6309647356530745,0.8632909191448334,0.35888384300479775,0.0,0.37659574468085105,0.5515111490948644,0.5671506352087115,0.6827613910777468,0.7044477510170344,0.53315780728233,1.0
Ireland,Anhui,0.016619614918624265,0.5044319050465441,0.9604180061082939,0.35888384300479775,0.37465564487752956,0.37659574468085105,0.4902882448916168,0.5671506352087115,0.6827613910777468,0.7044477510170344,0.11696746185736463,2.0
Hong Kong,Anhui,0.0,0.0,0.8074304884941063,0.35888384300479775,0.9844495303424121,0.37659574468085105,0.5825499184212571,0.5671506352087115,0.6827613910777468,0.7044477510170344,0.6471861826475324,2.0
Netherlands,Anhui,0.0838278776733618,0.7276435009869736,0.8345649070478215,0.35888384300479775,0.6362346517280622,0.37659574468085105,0.6787351410146842,0.5671506352087115,0.6827613910777468,0.7044477510170344,0.3454570002187326,1.0
Indonesia,Anhui,0.0656688689194445,0.036340417859396894,0.3351894624771299,0.35888384300479775,0.4711467914849187,0.37659574468085105,0.1558542459793334,0.5671506352087115,0.6827613910777468,0.7044477510170344,0.5261886238802175,1.0
Colombia,Anhui,0.06194703777108018,0.18206425047920918,0.40129323105862236,0.35888384300479775,0.31507634030982234,0.37659574468085105,0.2462512625281641,0.5671506352087115,0.6827613910777468,0.7044477510170344,0.0,1.0
Botswana,Anhui,0.003211663263762259,0.18615676655244795,0.4326576144158582,0.35888384300479775,0.024218886716745356,0.37659574468085105,0.10232305182192525,0.5671506352087115,0.6827613910777468,0.7044477510170344,0.09269452042422756,1.0
South Korea,Fujian,0.29961037246004446,0.8815535044008231,0.7225731891516937,0.6979087688157176,0.6411953971888407,0.5768321513002365,0.4897443866055473,0.2719298245614035,0.8441199003302279,0.9721651766977901,0.7797890199405705,25.0
Singapore,Fujian,0.02196320796931059,0.5940187458294157,0.9140623695695048,0.6979087688157176,1.0,0.5768321513002365,0.45120814233548284,0.2719298245614035,0.8441199003302279,0.9721651766977901,0.8612597438880362,23.0
USA,Fujian,1.0,0.45067672637686473,0.8977017564004062,0.6979087688157176,0.28705165370378527,0.5768321513002365,0.547976070235413,0.2719298245614035,0.8441199003302279,0.9721651766977901,0.8237418549534091,6.0
Japan,Fujian,0.3253773414649379,0.4002109238459136,0.7321697866418041,0.6979087688157176,0.5859665317401135,0.5768321513002365,1.0,0.2719298245614035,0.8441199003302279,0.9721651766977901,0.8468131066078449,3.0
Australia,Fujian,0.10833721219838842,0.6309647356530745,0.8632909191448334,0.6979087688157176,0.0,0.5768321513002365,0.5515111490948644,0.2719298245614035,0.8441199003302279,0.9721651766977901,0.8416732483915855,1.0
Ireland,Fujian,0.016619614918624265,0.5044319050465441,0.9604180061082939,0.6979087688157176,0.37465564487752956,0.5768321513002365,0.4902882448916168,0.2719298245614035,0.8441199003302279,0.9721651766977901,0.572337559698929,2.0
Israel,Fujian,0.04685512215547543,0.7560061561848773,0.8296980854737773,0.6979087688157176,0.605327384097889,0.5768321513002365,0.4050190350400124,0.2719298245614035,0.8441199003302279,0.9721651766977901,0.4210637001900852,1.0
Belgium,Fujian,0.04648169558371033,0.6079801474378165,0.8098998038870868,0.6979087688157176,0.5961310515580008,0.5768321513002365,0.6706549607645095,0.2719298245614035,0.8441199003302279,0.9721651766977901,0.4634726021211377,1.0
Croatia,Fujian,0.012367138282517816,0.46782063603810536,0.6087227116757035,0.6979087688157176,0.3816737092513709,0.5768321513002365,0.7154455753243727,0.2719298245614035,0.8441199003302279,0.9721651766977901,0.09269452042422756,1.0
Czech Republic,Fujian,0.04509202292097166,0.6551084166094558,0.6912044364369602,0.6979087688157176,0.4631862459309869,0.5768321513002365,0.6883692020822003,0.2719298245614035,0.8441199003302279,0.9721651766977901,0.3112462107231874,1.0
Qatar,Fujian,0.0048483330169675105,0.2742626514406636,0.9265208005101385,0.6979087688157176,0.5297844628740936,0.5768321513002365,0.0,0.2719298245614035,0.8441199003302279,0.9721651766977901,0.29997960782006927,1.0
Thailand,Fujian,0.04604424607297898,0.09791029209292361,0.40964925043775435,0.6979087688157176,0.46120999746818786,0.5768321513002365,0.3910341076839406,0.2719298245614035,0.8441199003302279,0.9721651766977901,0.8073347784205377,1.0
South Korea,Heilongjiang,0.29961037246004446,0.8815535044008231,0.7225731891516937,0.09405588934560798,0.6411953971888407,1.0,0.4897443866055473,0.2983061101028433,0.0,0.8054467183105437,0.8031517759911643,8.0
Singapore,Heilongjiang,0.02196320796931059,0.5940187458294157,0.9140623695695048,0.09405588934560798,1.0,1.0,0.45120814233548284,0.2983061101028433,0.0,0.8054467183105437,0.6792177381025798,8.0
USA,Heilongjiang,1.0,0.45067672637686473,0.8977017564004062,0.09405588934560798,0.28705165370378527,1.0,0.547976070235413,0.2983061101028433,0.0,0.8054467183105437,0.5384605481577878,5.0
Japan,Heilongjiang,0.3253773414649379,0.4002109238459136,0.7321697866418041,0.09405588934560798,0.5859665317401135,1.0,1.0,0.2983061101028433,0.0,0.8054467183105437,0.7520167890913539,6.0
Australia,Heilongjiang,0.10833721219838842,0.6309647356530745,0.8632909191448334,0.09405588934560798,0.0,1.0,0.5515111490948644,0.2983061101028433,0.0,0.8054467183105437,0.6250376038038992,2.0
Ireland,Heilongjiang,0.016619614918624265,0.5044319050465441,0.9604180061082939,0.09405588934560798,0.37465564487752956,1.0,0.4902882448916168,0.2983061101028433,0.0,0.8054467183105437,0.13579501793714044,2.0
Russia,Heilongjiang,0.2199293603511499,0.23170149466167805,0.5717054465695758,0.09405588934560798,0.11260396323511401,1.0,0.5,0.2983061101028433,0.0,0.8054467183105437,0.6985285075280653,1.0
Israel,Heilongjiang,0.04685512215547543,0.7560061561848773,0.8296980854737773,0.09405588934560798,0.605327384097889,1.0,0.4050190350400124,0.2983061101028433,0.0,0.8054467183105437,0.228489538361368,1.0
Netherlands,Heilongjiang,0.0838278776733618,0.7276435009869736,0.8345649070478215,0.09405588934560798,0.6362346517280622,1.0,0.6787351410146842,0.2983061101028433,0.0,0.8054467183105437,0.31734820786178985,2.0
India,Heilongjiang,0.4352989923831301,0.04682942837319786,0.19399826877417942,0.09405588934560798,0.6201734563910405,1.0,0.18188174966980034,0.2983061101028433,0.0,0.8054467183105437,0.3454570002187326,1.0
South Korea,Shanxi,0.29961037246004446,0.8815535044008231,0.7225731891516937,0.3045949007584143,0.6411953971888407,0.7122931442080378,0.4897443866055473,0.2674531155474894,0.43721843152692125,0.3120610613641011,0.4840186328503595,12.0
Singapore,Shanxi,0.02196320796931059,0.5940187458294157,0.9140623695695048,0.3045949007584143,1.0,0.7122931442080378,0.45120814233548284,0.2674531155474894,0.43721843152692125,0.3120610613641011,0.5489202511727516,6.0
USA,Shanxi,1.0,0.45067672637686473,0.8977017564004062,0.3045949007584143,0.28705165370378527,0.7122931442080378,0.547976070235413,0.2674531155474894,0.43721843152692125,0.3120610613641011,0.4831981318438827,1.0
Japan,Shanxi,0.3253773414649379,0.4002109238459136,0.7321697866418041,0.3045949007584143,0.5859665317401135,0.7122931442080378,1.0,0.2674531155474894,0.43721843152692125,0.3120610613641011,0.5743207041093965,1.0
South Korea,Hainan,0.29961037246004446,0.8815535044008231,0.7225731891516937,0.29303917901088405,0.6411953971888407,0.26997635933806147,0.4897443866055473,0.033030852994555354,1.0,1.0,0.8014680543258261,8.0
Singapore,Hainan,0.02196320796931059,0.5940187458294157,0.9140623695695048,0.29303917901088405,1.0,0.26997635933806147,0.45120814233548284,0.033030852994555354,1.0,1.0,0.6935898413861511,11.0
Germany,Hainan,0.3732729167115801,0.6826083852075752,0.8051323022985117,0.29303917901088405,0.5352983245413203,0.26997635933806147,0.7826120736539508,0.033030852994555354,1.0,1.0,0.46312466682980163,1.0
Australia,Hainan,0.10833721219838842,0.6309647356530745,0.8632909191448334,0.29303917901088405,0.0,0.26997635933806147,0.5515111490948644,0.033030852994555354,1.0,1.0,0.6346964157235797,1.0
United Kingdom,Hainan,0.2386239708933316,0.5388984222621804,0.794005663617149,0.29303917901088405,0.5539184881648415,0.26997635933806147,0.6685572216610987,0.033030852994555354,1.0,1.0,0.6116466383112771,1.0
Hong Kong,Hainan,0.0,0.0,0.8074304884941063,0.29303917901088405,0.9844495303424121,0.26997635933806147,0.5825499184212571,0.033030852994555354,1.0,1.0,0.7968889645994611,1.0
Vietnam,Hainan,0.11224416944798866,0.17428681852995728,0.30681220316294616,0.29303917901088405,0.5699632627206648,0.26997635933806147,0.22698314039313183,0.033030852994555354,1.0,1.0,0.49802989801162745,5.0
South Korea,Hebei,0.29961037246004446,0.8815535044008231,0.7225731891516937,0.18496243678191643,0.6411953971888407,0.4787234042553192,0.4897443866055473,0.6743496672716274,0.49095406081037885,0.2867987270313862,0.6285944185849772,4.0
Singapore,Hebei,0.02196320796931059,0.5940187458294157,0.9140623695695048,0.18496243678191643,1.0,0.4787234042553192,0.45120814233548284,0.6743496672716274,0.49095406081037885,0.2867987270313862,0.5014188751908134,5.0
USA,Hebei,1.0,0.45067672637686473,0.8977017564004062,0.18496243678191643,0.28705165370378527,0.4787234042553192,0.547976070235413,0.6743496672716274,0.49095406081037885,0.2867987270313862,0.32836917976585767,2.0
Japan,Hebei,0.3253773414649379,0.4002109238459136,0.7321697866418041,0.18496243678191643,0.5859665317401135,0.4787234042553192,1.0,0.6743496672716274,0.49095406081037885,0.2867987270313862,0.4138785792098231,1.0
Germany,Hebei,0.3732729167115801,0.6826083852075752,0.8051323022985117,0.18496243678191643,0.5352983245413203,0.4787234042553192,0.7826120736539508,0.6743496672716274,0.49095406081037885,0.2867987270313862,0.228489538361368,1.0
Ireland,Hebei,0.016619614918624265,0.5044319050465441,0.9604180061082939,0.18496243678191643,0.37465564487752956,0.4787234042553192,0.4902882448916168,0.6743496672716274,0.49095406081037885,0.2867987270313862,0.0,2.0
Hong Kong,Hebei,0.0,0.0,0.8074304884941063,0.18496243678191643,0.9844495303424121,0.4787234042553192,0.5825499184212571,0.6743496672716274,0.49095406081037885,0.2867987270313862,0.6414885573796013,1.0
South Korea,Henan,0.29961037246004446,0.8815535044008231,0.7225731891516937,0.24648890713614804,0.6411953971888407,0.8550827423167848,0.4897443866055473,0.8482758620689655,0.6655280912391199,0.4642711428477425,0.6973423971652588,32.0
Singapore,Henan,0.02196320796931059,0.5940187458294157,0.9140623695695048,0.24648890713614804,1.0,0.8550827423167848,0.45120814233548284,0.8482758620689655,0.6655280912391199,0.4642711428477425,0.7732212400568802,11.0
USA,Henan,1.0,0.45067672637686473,0.8977017564004062,0.24648890713614804,0.28705165370378527,0.8550827423167848,0.547976070235413,0.8482758620689655,0.6655280912391199,0.4642711428477425,0.605876805774426,3.0
Japan,Henan,0.3253773414649379,0.4002109238459136,0.7321697866418041,0.24648890713614804,0.5859665317401135,0.8550827423167848,1.0,0.8482758620689655,0.6655280912391199,0.4642711428477425,0.6873230675044529,1.0
Australia,Henan,0.10833721219838842,0.6309647356530745,0.8632909191448334,0.24648890713614804,0.0,0.8550827423167848,0.5515111490948644,0.8482758620689655,0.6655280912391199,0.4642711428477425,0.7181234945653027,9.0
South Korea,Ningxia,0.29961037246004446,0.8815535044008231,0.7225731891516937,0.280810843410894,0.6411953971888407,0.5037825059101655,0.4897443866055473,0.009074410163339383,0.30403077267005885,0.0,0.4093861165007762,3.0
Singapore,Ningxia,0.02196320796931059,0.5940187458294157,0.9140623695695048,0.280810843410894,1.0,0.5037825059101655,0.45120814233548284,0.009074410163339383,0.30403077267005885,0.0,0.5233339014230363,2.0
South Korea,Jiangsu,0.29961037246004446,0.8815535044008231,0.7225731891516937,0.803641928461091,0.6411953971888407,0.2697399527186761,0.4897443866055473,0.8912280701754386,0.648246592402802,0.685645721287469,0.8615021628963162,20.0
Singapore,Jiangsu,0.02196320796931059,0.5940187458294157,0.9140623695695048,0.803641928461091,1.0,0.2697399527186761,0.45120814233548284,0.8912280701754386,0.648246592402802,0.685645721287469,0.8432098070500125,3.0
USA,Jiangsu,1.0,0.45067672637686473,0.8977017564004062,0.803641928461091,0.28705165370378527,0.2697399527186761,0.547976070235413,0.8912280701754386,0.648246592402802,0.685645721287469,0.6520416657582473,4.0
Japan,Jiangsu,0.3253773414649379,0.4002109238459136,0.7321697866418041,0.803641928461091,0.5859665317401135,0.2697399527186761,1.0,0.8912280701754386,0.648246592402802,0.685645721287469,0.846912776432913,4.0
Germany,Jiangsu,0.3732729167115801,0.6826083852075752,0.8051323022985117,0.803641928461091,0.5352983245413203,0.2697399527186761,0.7826120736539508,0.8912280701754386,0.648246592402802,0.685645721287469,0.6528550954365703,1.0
Australia,Jiangsu,0.10833721219838842,0.6309647356530745,0.8632909191448334,0.803641928461091,0.0,0.2697399527186761,0.5515111490948644,0.8912280701754386,0.648246592402802,0.685645721287469,0.7260725626283756,1.0
United Kingdom,Jiangsu,0.2386239708933316,0.5388984222621804,0.794005663617149,0.803641928461091,0.5539184881648415,0.2697399527186761,0.6685572216610987,0.8912280701754386,0.648246592402802,0.685645721287469,0.598919684766942,1.0
Ireland,Jiangsu,0.016619614918624265,0.5044319050465441,0.9604180061082939,0.803641928461091,0.37465564487752956,0.2697399527186761,0.4902882448916168,0.8912280701754386,0.648246592402802,0.685645721287469,0.3877095087990147,1.0
Israel,Jiangsu,0.04685512215547543,0.7560061561848773,0.8296980854737773,0.803641928461091,0.605327384097889,0.2697399527186761,0.4050190350400124,0.8912280701754386,0.648246592402802,0.685645721287469,0.39659921681638244,1.0
Denmark,Jiangsu,0.03318000740153861,0.8599762192492212,0.8709899486856766,0.803641928461091,0.46255519373399206,0.2697399527186761,0.7136197653639966,0.8912280701754386,0.648246592402802,0.685645721287469,0.42048776492597095,1.0
Malaysia,Jiangsu,0.04916638433280882,0.22086829043816142,0.5212938002699163,0.803641928461091,0.4166149605282221,0.2697399527186761,0.1936912438815943,0.8912280701754386,0.648246592402802,0.685645721287469,0.6716163919520796,1.0
South Korea,Guizhou,0.29961037246004446,0.8815535044008231,0.7225731891516937,0.14222628907505877,0.6411953971888407,0.2602836879432624,0.4897443866055473,0.25269207501512403,0.6411882547769547,0.9771268922523443,0.5955769915258888,2.0
Singapore,Guizhou,0.02196320796931059,0.5940187458294157,0.9140623695695048,0.14222628907505877,1.0,0.2602836879432624,0.45120814233548284,0.25269207501512403,0.6411882547769547,0.9771268922523443,0.5633734991469979,1.0
South Korea,Shaanxi,0.29961037246004446,0.8815535044008231,0.7225731891516937,0.40501711774734456,0.6411953971888407,0.9907801418439717,0.4897443866055473,0.31693889897156685,0.528528222050507,0.47586445127837407,0.7887677798285291,8.0
Singapore,Shaanxi,0.02196320796931059,0.5940187458294157,0.9140623695695048,0.40501711774734456,1.0,0.9907801418439717,0.45120814233548284,0.31693889897156685,0.528528222050507,0.47586445127837407,0.7330385723918955,2.0
Japan,Shaanxi,0.3253773414649379,0.4002109238459136,0.7321697866418041,0.40501711774734456,0.5859665317401135,0.9907801418439717,1.0,0.31693889897156685,0.528528222050507,0.47586445127837407,0.7794614163894792,1.0
Ireland,Shaanxi,0.016619614918624265,0.5044319050465441,0.9604180061082939,0.40501711774734456,0.37465564487752956,0.9907801418439717,0.4902882448916168,0.31693889897156685,0.528528222050507,0.47586445127837407,0.3211840587855955,1.0
Russia,Shaanxi,0.2199293603511499,0.23170149466167805,0.5717054465695758,0.40501711774734456,0.11260396323511401,0.9907801418439717,0.5,0.31693889897156685,0.528528222050507,0.47586445127837407,0.6702801548084708,1.0
South Korea,Gansu,0.29961037246004446,0.8815535044008231,0.7225731891516937,0.0,0.6411953971888407,0.5252955082742317,0.4897443866055473,0.1704174228675136,0.29260603822122433,0.30091014041654524,0.47983393118550166,2.0
Singapore,Gansu,0.02196320796931059,0.5940187458294157,0.9140623695695048,0.0,1.0,0.5252955082742317,0.45120814233548284,0.1704174228675136,0.29260603822122433,0.30091014041654524,0.4947391225939712,1.0
Germany,Gansu,0.3732729167115801,0.6826083852075752,0.8051323022985117,0.0,0.5352983245413203,0.5252955082742317,0.7826120736539508,0.1704174228675136,0.29260603822122433,0.30091014041654524,0.3211840587855955,1.0
Denmark,Gansu,0.03318000740153861,0.8599762192492212,0.8709899486856766,0.0,0.46255519373399206,0.5252955082742317,0.7136197653639966,0.1704174228675136,0.29260603822122433,0.30091014041654524,0.25276247979450506,1.0
Brazil,Gansu,0.3622741847650021,0.25651940639716636,0.4614812000403211,0.0,0.24188189345562167,0.5252955082742317,0.28144666304094473,0.1704174228675136,0.29260603822122433,0.30091014041654524,0.0,1.0
Switzerland,Gansu,0.04280626280860444,0.746666357267275,0.9356657783977224,0.0,0.521962166459117,0.5252955082742317,0.6654106130059825,0.1704174228675136,0.29260603822122433,0.30091014041654524,0.15117825135290988,1.0
South Korea,Neimenggu,0.29961037246004446,0.8815535044008231,0.7225731891516937,0.48856105091067104,0.6411953971888407,0.19905437352245864,0.4897443866055473,0.1751966122202057,0.057577227743285574,0.44199307061432347,0.5122135699034168,4.0
Singapore,Neimenggu,0.02196320796931059,0.5940187458294157,0.9140623695695048,0.48856105091067104,1.0,0.19905437352245864,0.45120814233548284,0.1751966122202057,0.057577227743285574,0.44199307061432347,0.525024823517431,2.0
South Korea,Jilin,0.29961037246004446,0.8815535044008231,0.7225731891516937,0.20050599350913703,0.6411953971888407,0.1895981087470449,0.4897443866055473,0.21675741076830007,0.23186699033372699,0.7331725788584299,0.8518597908315763,7.0
Singapore,Jilin,0.02196320796931059,0.5940187458294157,0.9140623695695048,0.20050599350913703,1.0,0.1895981087470449,0.45120814233548284,0.21675741076830007,0.23186699033372699,0.7331725788584299,0.7137330955487384,1.0
USA,Jilin,1.0,0.45067672637686473,0.8977017564004062,0.20050599350913703,0.28705165370378527,0.1895981087470449,0.547976070235413,0.21675741076830007,0.23186699033372699,0.7331725788584299,0.5761670401150807,2.0
Japan,Jilin,0.3253773414649379,0.4002109238459136,0.7321697866418041,0.20050599350913703,0.5859665317401135,0.1895981087470449,1.0,0.21675741076830007,0.23186699033372699,0.7331725788584299,0.6706087500456771,2.0
Australia,Jilin,0.10833721219838842,0.6309647356530745,0.8632909191448334,0.20050599350913703,0.0,0.1895981087470449,0.5515111490948644,0.21675741076830007,0.23186699033372699,0.7331725788584299,0.6251398755601585,1.0
Hong Kong,Jilin,0.0,0.0,0.8074304884941063,0.20050599350913703,0.9844495303424121,0.1895981087470449,0.5825499184212571,0.21675741076830007,0.23186699033372699,0.7331725788584299,0.6525971265437233,1.0
Belgium,Jilin,0.04648169558371033,0.6079801474378165,0.8098998038870868,0.20050599350913703,0.5961310515580008,0.1895981087470449,0.6706549607645095,0.21675741076830007,0.23186699033372699,0.7331725788584299,0.260804198879242,1.0
Pakistan,Jilin,0.015375301104994056,0.009940039873537318,0.11223230296973108,0.20050599350913703,0.545253715534541,0.1895981087470449,0.1238443011421024,0.21675741076830007,0.23186699033372699,0.7331725788584299,0.336567292201365,1.0
South Korea,Qinghai,0.29961037246004446,0.8815535044008231,0.7225731891516937,0.2118062490841922,0.6411953971888407,0.4297872340425532,0.4897443866055473,0.0,0.20851922319905522,0.26730382210826914,0.37872505154251157,2.0
Germany,Qinghai,0.3732729167115801,0.6826083852075752,0.8051323022985117,0.2118062490841922,0.5352983245413203,0.4297872340425532,0.7826120736539508,0.0,0.20851922319905522,0.26730382210826914,0.30235650270581976,1.0
Malaysia,Qinghai,0.04916638433280882,0.22086829043816142,0.5212938002699163,0.2118062490841922,0.4166149605282221,0.4297872340425532,0.1936912438815943,0.0,0.20851922319905522,0.26730382210826914,0.3440389132483612,1.0
