source,target,weight
EPI_ISL_16613442,EPI_ISL_17490630,5
EPI_ISL_16613442,EPI_ISL_16634071,9
EPI_ISL_16613442,EPI_ISL_16922550,7
EPI_ISL_16613442,EPI_ISL_16922576,10
EPI_ISL_16613442,EPI_ISL_18070529,7
EPI_ISL_16613442,EPI_ISL_16642364,12
EPI_ISL_16613442,EPI_ISL_16854470,8
EPI_ISL_16613442,EPI_ISL_18070582,9
EPI_ISL_16613442,EPI_ISL_16327387,8
EPI_ISL_16613442,EPI_ISL_16327435,8
EPI_ISL_16613442,EPI_ISL_16127650,12
EPI_ISL_16613442,EPI_ISL_16910776,11
EPI_ISL_16613442,EPI_ISL_16713322,10
EPI_ISL_16613442,EPI_ISL_16910788,13
EPI_ISL_16613442,EPI_ISL_16750683,14
EPI_ISL_16613442,EPI_ISL_16955450,7
EPI_ISL_16613442,EPI_ISL_17243467,9
EPI_ISL_16613442,EPI_ISL_17584950,15
EPI_ISL_16613442,EPI_ISL_17088649,7
EPI_ISL_16613442,EPI_ISL_17088667,7
EPI_ISL_16613442,EPI_ISL_17494709,8
EPI_ISL_16613442,EPI_ISL_16758177,8
EPI_ISL_17490630,EPI_ISL_16922516,7
EPI_ISL_17490630,EPI_ISL_17197588,13
EPI_ISL_17490630,EPI_ISL_16327435,8
EPI_ISL_17490630,EPI_ISL_16712192,4
EPI_ISL_17490630,EPI_ISL_16635645,4
EPI_ISL_17490630,EPI_ISL_16698017,4
EPI_ISL_17490630,EPI_ISL_17261781,4
EPI_ISL_17490630,EPI_ISL_17545672,4
EPI_ISL_17490630,EPI_ISL_17493061,11
EPI_ISL_17490630,EPI_ISL_17197699,6
EPI_ISL_17490630,EPI_ISL_17485790,14
EPI_ISL_17490630,EPI_ISL_17068947,9
EPI_ISL_16634071,EPI_ISL_16440457,9
EPI_ISL_16634071,EPI_ISL_16922516,9
EPI_ISL_18070529,EPI_ISL_16635186,8
EPI_ISL_16854470,EPI_ISL_16642364,12
EPI_ISL_18070582,EPI_ISL_16922516,9
EPI_ISL_16327435,EPI_ISL_16922516,8
EPI_ISL_17243467,EPI_ISL_17162485,11
EPI_ISL_17088649,EPI_ISL_16922999,5
EPI_ISL_17088649,EPI_ISL_16923010,5
EPI_ISL_17088649,EPI_ISL_16636242,5
EPI_ISL_17088649,EPI_ISL_16608446,6
EPI_ISL_17088649,EPI_ISL_16636116,10
EPI_ISL_17088649,EPI_ISL_17088791,1
EPI_ISL_17088649,EPI_ISL_17088786,1
EPI_ISL_17088649,EPI_ISL_18330788,9
EPI_ISL_17088649,EPI_ISL_17775219,11
EPI_ISL_17088649,EPI_ISL_16713395,5
EPI_ISL_17088649,EPI_ISL_16713391,5
EPI_ISL_17088649,EPI_ISL_17280147,5
EPI_ISL_17088649,EPI_ISL_16636033,5
EPI_ISL_17088667,EPI_ISL_16922999,5
EPI_ISL_17088667,EPI_ISL_16923010,5
EPI_ISL_17088667,EPI_ISL_16636242,5
EPI_ISL_17088667,EPI_ISL_16608446,6
EPI_ISL_17088667,EPI_ISL_17088649,2
EPI_ISL_17088667,EPI_ISL_16636116,10
EPI_ISL_17088667,EPI_ISL_18330788,9
EPI_ISL_17088667,EPI_ISL_17775219,11
EPI_ISL_17088667,EPI_ISL_16713395,5
EPI_ISL_17088667,EPI_ISL_16713391,5
EPI_ISL_17088667,EPI_ISL_17280147,5
EPI_ISL_17088667,EPI_ISL_16636033,5
EPI_ISL_17494709,EPI_ISL_17262861,7
EPI_ISL_17494709,EPI_ISL_16635627,8
EPI_ISL_17494709,EPI_ISL_17494325,8
EPI_ISL_17494709,EPI_ISL_17775183,8
EPI_ISL_17494709,EPI_ISL_16702214,8
EPI_ISL_16758177,EPI_ISL_17262861,3
EPI_ISL_16758177,EPI_ISL_16604647,5
EPI_ISL_16758177,EPI_ISL_16839025,7
EPI_ISL_16758177,EPI_ISL_16758162,5
EPI_ISL_16758177,EPI_ISL_17785582,6
EPI_ISL_16758177,EPI_ISL_17584689,6
EPI_ISL_16922516,EPI_ISL_16440457,7
EPI_ISL_16922516,EPI_ISL_17197588,13
EPI_ISL_17197588,EPI_ISL_16440457,13
EPI_ISL_17197588,EPI_ISL_17261606,13
EPI_ISL_17197588,EPI_ISL_16723079,13
EPI_ISL_16712192,EPI_ISL_17545672,2
EPI_ISL_16712192,EPI_ISL_16635900,6
EPI_ISL_16712192,EPI_ISL_16880261,6
EPI_ISL_16712192,EPI_ISL_17493061,11
EPI_ISL_16712192,EPI_ISL_17487916,5
EPI_ISL_16712192,EPI_ISL_17775425,12
EPI_ISL_16635645,EPI_ISL_16922516,7
EPI_ISL_16635645,EPI_ISL_16698017,3
EPI_ISL_16635645,EPI_ISL_17197699,6
EPI_ISL_16635645,EPI_ISL_18447562,11
EPI_ISL_16698017,EPI_ISL_16922516,7
EPI_ISL_16698017,EPI_ISL_17016200,6
EPI_ISL_16698017,EPI_ISL_17197699,6
EPI_ISL_16698017,EPI_ISL_17487916,5
EPI_ISL_16698017,EPI_ISL_16922999,7
EPI_ISL_16698017,EPI_ISL_16923010,7
EPI_ISL_16698017,EPI_ISL_17031641,7
EPI_ISL_17261781,EPI_ISL_16634269,3
EPI_ISL_17261781,EPI_ISL_16698258,3
EPI_ISL_17261781,EPI_ISL_16598359,3
EPI_ISL_17261781,EPI_ISL_16698290,3
EPI_ISL_17261781,EPI_ISL_16709034,3
EPI_ISL_17261781,EPI_ISL_16737898,3
EPI_ISL_17261781,EPI_ISL_16713982,3
EPI_ISL_17261781,EPI_ISL_17492779,3
EPI_ISL_17261781,EPI_ISL_17493648,3
EPI_ISL_17261781,EPI_ISL_16698277,3
EPI_ISL_17261781,EPI_ISL_16597025,3
EPI_ISL_17261781,EPI_ISL_17488694,3
EPI_ISL_17261781,EPI_ISL_17088756,3
EPI_ISL_17261781,EPI_ISL_16709120,3
EPI_ISL_17261781,EPI_ISL_17088682,3
EPI_ISL_17261781,EPI_ISL_16698281,5
EPI_ISL_17261781,EPI_ISL_16636131,4
EPI_ISL_17261781,EPI_ISL_16635900,6
EPI_ISL_17261781,EPI_ISL_16702218,4
EPI_ISL_17261781,EPI_ISL_16849214,8
EPI_ISL_17261781,EPI_ISL_16880261,6
EPI_ISL_17261781,EPI_ISL_16970275,15
EPI_ISL_17261781,EPI_ISL_17062081,8
EPI_ISL_17261781,EPI_ISL_17489306,15
EPI_ISL_17261781,EPI_ISL_17488059,4
EPI_ISL_17261781,EPI_ISL_17487916,5
EPI_ISL_17261781,EPI_ISL_17493701,6
EPI_ISL_17261781,EPI_ISL_17563552,9
EPI_ISL_17261781,EPI_ISL_17775425,12
EPI_ISL_17545672,EPI_ISL_16327663,4
EPI_ISL_17545672,EPI_ISL_16468061,6
EPI_ISL_17545672,EPI_ISL_16635900,6
EPI_ISL_17545672,EPI_ISL_16646060,3
EPI_ISL_17545672,EPI_ISL_16671003,5
EPI_ISL_17545672,EPI_ISL_16740821,5
EPI_ISL_17545672,EPI_ISL_16611242,5
EPI_ISL_17545672,EPI_ISL_16698431,6
EPI_ISL_17545672,EPI_ISL_16604898,5
EPI_ISL_17545672,EPI_ISL_16849209,6
EPI_ISL_17545672,EPI_ISL_16849214,8
EPI_ISL_17545672,EPI_ISL_16849140,9
EPI_ISL_17545672,EPI_ISL_16849192,9
EPI_ISL_17545672,EPI_ISL_17488170,3
EPI_ISL_17545672,EPI_ISL_16880261,6
EPI_ISL_17545672,EPI_ISL_17487952,6
EPI_ISL_17545672,EPI_ISL_17487916,5
EPI_ISL_17545672,EPI_ISL_17592213,5
EPI_ISL_17545672,EPI_ISL_17493568,8
EPI_ISL_17545672,EPI_ISL_17485790,14
EPI_ISL_17545672,EPI_ISL_17775425,12
EPI_ISL_17545672,EPI_ISL_17068947,9
EPI_ISL_17068947,EPI_ISL_17068945,5
EPI_ISL_17104934,EPI_ISL_16127645,9
EPI_ISL_16127645,EPI_ISL_16137903,0
EPI_ISL_16922498,EPI_ISL_17104934,9
EPI_ISL_16922498,EPI_ISL_13867424,11
EPI_ISL_16922498,EPI_ISL_17104933,7
EPI_ISL_16922498,EPI_ISL_16350843,13
EPI_ISL_16922498,EPI_ISL_16750684,15
EPI_ISL_16598682,EPI_ISL_17104934,9
EPI_ISL_16598682,EPI_ISL_13867424,11
EPI_ISL_16598682,EPI_ISL_16922498,6
EPI_ISL_16598682,EPI_ISL_17104933,7
EPI_ISL_16598682,EPI_ISL_18070499,6
EPI_ISL_16598682,EPI_ISL_16350843,13
EPI_ISL_16598682,EPI_ISL_16127648,12
EPI_ISL_16598682,EPI_ISL_18070514,6
EPI_ISL_16598682,EPI_ISL_16854543,9
EPI_ISL_16598682,EPI_ISL_16327647,5
EPI_ISL_16598682,EPI_ISL_18447556,5
EPI_ISL_16598682,EPI_ISL_16750684,15
EPI_ISL_16598682,EPI_ISL_16635231,8
EPI_ISL_16440457,EPI_ISL_17104934,9
EPI_ISL_16440457,EPI_ISL_17197579,12
EPI_ISL_16440457,EPI_ISL_17261606,6
EPI_ISL_16440457,EPI_ISL_13867424,11
EPI_ISL_16440457,EPI_ISL_16614667,6
EPI_ISL_16440457,EPI_ISL_16922443,6
EPI_ISL_16440457,EPI_ISL_16922498,6
EPI_ISL_16440457,EPI_ISL_15941028,12
EPI_ISL_16440457,EPI_ISL_17104933,7
EPI_ISL_16440457,EPI_ISL_17261639,9
EPI_ISL_16440457,EPI_ISL_16922561,14
EPI_ISL_16440457,EPI_ISL_17261643,12
EPI_ISL_16440457,EPI_ISL_17261645,13
EPI_ISL_16440457,EPI_ISL_16350843,13
EPI_ISL_16440457,EPI_ISL_16327351,9
EPI_ISL_16440457,EPI_ISL_16327361,6
EPI_ISL_16440457,EPI_ISL_16327575,12
EPI_ISL_16440457,EPI_ISL_16713320,15
EPI_ISL_16440457,EPI_ISL_16327615,9
EPI_ISL_16440457,EPI_ISL_16910786,11
EPI_ISL_16440457,EPI_ISL_16910789,16
EPI_ISL_16440457,EPI_ISL_16598682,5
EPI_ISL_16440457,EPI_ISL_16327660,14
EPI_ISL_16440457,EPI_ISL_17088740,5
EPI_ISL_16440457,EPI_ISL_16723079,5
EPI_ISL_16440457,EPI_ISL_16750684,15
EPI_ISL_16440457,EPI_ISL_16740789,6
EPI_ISL_16440457,EPI_ISL_16670965,13
EPI_ISL_16440457,EPI_ISL_16327667,13
EPI_ISL_16440457,EPI_ISL_17488129,13
EPI_ISL_16922443,EPI_ISL_16327575,12
EPI_ISL_16327361,EPI_ISL_16642018,7
EPI_ISL_16713320,EPI_ISL_17261614,15
EPI_ISL_17088740,EPI_ISL_16327667,13
EPI_ISL_16723079,EPI_ISL_17261606,6
EPI_ISL_16723079,EPI_ISL_16712140,14
EPI_ISL_16723079,EPI_ISL_17494220,7
EPI_ISL_16740789,EPI_ISL_16740796,6
EPI_ISL_16670965,EPI_ISL_16520424,2
EPI_ISL_16670965,EPI_ISL_17490683,3
EPI_ISL_16670965,EPI_ISL_16635146,3
EPI_ISL_16670965,EPI_ISL_17068953,1
EPI_ISL_16670965,EPI_ISL_16709512,4
EPI_ISL_16670965,EPI_ISL_16854216,5
EPI_ISL_16670965,EPI_ISL_17162761,4
EPI_ISL_16670965,EPI_ISL_17495536,3
EPI_ISL_16670965,EPI_ISL_17794500,7
EPI_ISL_16327667,EPI_ISL_16634118,7
EPI_ISL_16327667,EPI_ISL_16327322,9
EPI_ISL_16327667,EPI_ISL_16127654,9
EPI_ISL_16327667,EPI_ISL_16910784,9
EPI_ISL_16327667,EPI_ISL_16910793,8
EPI_ISL_17488129,EPI_ISL_16327325,13
EPI_ISL_17488129,EPI_ISL_16750656,13
EPI_ISL_17488129,EPI_ISL_16327333,13
EPI_ISL_17488129,EPI_ISL_16327327,13
EPI_ISL_17488129,EPI_ISL_17488131,8
EPI_ISL_17261614,EPI_ISL_17197584,4
EPI_ISL_18447556,EPI_ISL_16327667,13
EPI_ISL_16922999,EPI_ISL_16923010,2
EPI_ISL_16922999,EPI_ISL_16636242,2
EPI_ISL_16922999,EPI_ISL_16635098,4
EPI_ISL_16922999,EPI_ISL_17031641,6
EPI_ISL_16922999,EPI_ISL_16854323,5
EPI_ISL_16922999,EPI_ISL_16737835,6
EPI_ISL_16922999,EPI_ISL_17489880,4
EPI_ISL_16922999,EPI_ISL_16970237,3
EPI_ISL_16922999,EPI_ISL_17068970,4
EPI_ISL_16922999,EPI_ISL_17165043,7
EPI_ISL_16922999,EPI_ISL_17684211,4
EPI_ISL_16922999,EPI_ISL_17494448,6
EPI_ISL_16922999,EPI_ISL_17490558,7
EPI_ISL_16922999,EPI_ISL_17490402,4
EPI_ISL_16922999,EPI_ISL_16608446,6
EPI_ISL_16922999,EPI_ISL_17489512,6
EPI_ISL_16922999,EPI_ISL_17088731,6
EPI_ISL_16922999,EPI_ISL_16757988,6
EPI_ISL_16922999,EPI_ISL_16481839,6
EPI_ISL_16922999,EPI_ISL_18330852,6
EPI_ISL_16922999,EPI_ISL_16635197,6
EPI_ISL_16922999,EPI_ISL_17490493,6
EPI_ISL_16922999,EPI_ISL_16614018,4
EPI_ISL_16923010,EPI_ISL_16636242,2
EPI_ISL_16923010,EPI_ISL_16635098,4
EPI_ISL_16923010,EPI_ISL_17031641,6
EPI_ISL_16923010,EPI_ISL_16854323,5
EPI_ISL_16923010,EPI_ISL_16737835,6
EPI_ISL_16923010,EPI_ISL_17489880,4
EPI_ISL_16923010,EPI_ISL_16970237,3
EPI_ISL_16923010,EPI_ISL_17068970,4
EPI_ISL_16923010,EPI_ISL_17165043,7
EPI_ISL_16923010,EPI_ISL_17684211,4
EPI_ISL_16923010,EPI_ISL_17494448,6
EPI_ISL_16923010,EPI_ISL_17490558,7
EPI_ISL_16923010,EPI_ISL_17490402,4
EPI_ISL_16923010,EPI_ISL_16608446,6
EPI_ISL_16923010,EPI_ISL_17489512,6
EPI_ISL_16923010,EPI_ISL_17088731,6
EPI_ISL_16923010,EPI_ISL_16757988,6
EPI_ISL_16923010,EPI_ISL_16481839,6
EPI_ISL_16923010,EPI_ISL_18330852,6
EPI_ISL_16923010,EPI_ISL_16635197,6
EPI_ISL_16923010,EPI_ISL_17490493,6
EPI_ISL_16923010,EPI_ISL_16614018,4
EPI_ISL_16910784,EPI_ISL_16910780,0
EPI_ISL_16910793,EPI_ISL_16127654,9
EPI_ISL_16634269,EPI_ISL_16698155,2
EPI_ISL_16634269,EPI_ISL_16698166,2
EPI_ISL_16634269,EPI_ISL_16698258,2
EPI_ISL_16634269,EPI_ISL_16598359,2
EPI_ISL_16634269,EPI_ISL_16698290,2
EPI_ISL_16634269,EPI_ISL_16709034,2
EPI_ISL_16634269,EPI_ISL_16737898,2
EPI_ISL_16634269,EPI_ISL_16713982,2
EPI_ISL_16634269,EPI_ISL_17492779,2
EPI_ISL_16634269,EPI_ISL_17493648,2
EPI_ISL_16634269,EPI_ISL_16698167,3
EPI_ISL_16634269,EPI_ISL_16698253,5
EPI_ISL_16634269,EPI_ISL_16635258,4
EPI_ISL_16634269,EPI_ISL_16617314,4
EPI_ISL_16634269,EPI_ISL_16468061,6
EPI_ISL_16634269,EPI_ISL_17088682,3
EPI_ISL_16634269,EPI_ISL_16698281,5
EPI_ISL_16634269,EPI_ISL_16636131,4
EPI_ISL_16634269,EPI_ISL_16641664,3
EPI_ISL_16634269,EPI_ISL_17490658,3
EPI_ISL_16634269,EPI_ISL_17488426,5
EPI_ISL_16634269,EPI_ISL_16698431,6
EPI_ISL_16634269,EPI_ISL_16604898,5
EPI_ISL_16634269,EPI_ISL_17494422,3
EPI_ISL_16634269,EPI_ISL_16849214,8
EPI_ISL_16634269,EPI_ISL_16849140,9
EPI_ISL_16634269,EPI_ISL_17494435,6
EPI_ISL_16634269,EPI_ISL_17185737,5
EPI_ISL_16634269,EPI_ISL_17273670,3
EPI_ISL_16634269,EPI_ISL_16880261,6
EPI_ISL_16634269,EPI_ISL_16970255,3
EPI_ISL_16634269,EPI_ISL_16970275,15
EPI_ISL_16634269,EPI_ISL_16905045,4
EPI_ISL_16634269,EPI_ISL_17062081,8
EPI_ISL_16634269,EPI_ISL_17858253,5
EPI_ISL_16634269,EPI_ISL_17488063,3
EPI_ISL_16634269,EPI_ISL_17488059,4
EPI_ISL_16634269,EPI_ISL_17199886,3
EPI_ISL_16634269,EPI_ISL_17490441,11
EPI_ISL_16634269,EPI_ISL_17262011,4
EPI_ISL_16634269,EPI_ISL_17487916,5
EPI_ISL_16634269,EPI_ISL_17494367,4
EPI_ISL_16634269,EPI_ISL_17307377,8
EPI_ISL_16634269,EPI_ISL_17493293,4
EPI_ISL_16634269,EPI_ISL_17563534,7
EPI_ISL_16634269,EPI_ISL_17516771,5
EPI_ISL_16634269,EPI_ISL_17563552,9
EPI_ISL_16634269,EPI_ISL_17697615,3
EPI_ISL_16634269,EPI_ISL_17795055,3
EPI_ISL_16634269,EPI_ISL_17684024,9
EPI_ISL_16634269,EPI_ISL_17714282,3
EPI_ISL_16634269,EPI_ISL_17495364,5
EPI_ISL_16698155,EPI_ISL_17487916,5
EPI_ISL_16698166,EPI_ISL_16711857,4
EPI_ISL_16698166,EPI_ISL_16611242,5
EPI_ISL_16698166,EPI_ISL_16617097,6
EPI_ISL_16698166,EPI_ISL_16911087,5
EPI_ISL_16698166,EPI_ISL_16849140,9
EPI_ISL_16698166,EPI_ISL_17487916,5
EPI_ISL_16698166,EPI_ISL_17620352,6
EPI_ISL_16698166,EPI_ISL_17775425,12
EPI_ISL_16698258,EPI_ISL_16698167,3
EPI_ISL_16698258,EPI_ISL_16698253,5
EPI_ISL_16698258,EPI_ISL_16635258,4
EPI_ISL_16698258,EPI_ISL_16327449,7
EPI_ISL_16698258,EPI_ISL_16617314,4
EPI_ISL_16698258,EPI_ISL_16468061,6
EPI_ISL_16698258,EPI_ISL_16698281,5
EPI_ISL_16698258,EPI_ISL_16598359,2
EPI_ISL_16698258,EPI_ISL_16698277,2
EPI_ISL_16698258,EPI_ISL_16698290,2
EPI_ISL_16698258,EPI_ISL_17088756,2
EPI_ISL_16698258,EPI_ISL_16709120,2
EPI_ISL_16698258,EPI_ISL_16709034,2
EPI_ISL_16698258,EPI_ISL_16737898,2
EPI_ISL_16698258,EPI_ISL_16713982,2
EPI_ISL_16698258,EPI_ISL_17492779,2
EPI_ISL_16698258,EPI_ISL_17493648,2
EPI_ISL_16698258,EPI_ISL_16636131,4
EPI_ISL_16698258,EPI_ISL_16641664,3
EPI_ISL_16698258,EPI_ISL_16635900,6
EPI_ISL_16698258,EPI_ISL_17490658,3
EPI_ISL_16698258,EPI_ISL_16709041,3
EPI_ISL_16698258,EPI_ISL_16671003,5
EPI_ISL_16698258,EPI_ISL_16740821,5
EPI_ISL_16698258,EPI_ISL_17488426,5
EPI_ISL_16698258,EPI_ISL_16611242,5
EPI_ISL_16698258,EPI_ISL_16698431,6
EPI_ISL_16698258,EPI_ISL_16911087,5
EPI_ISL_16698258,EPI_ISL_16604898,5
EPI_ISL_16698258,EPI_ISL_17494422,3
EPI_ISL_16698258,EPI_ISL_16849214,8
EPI_ISL_16698258,EPI_ISL_16849140,9
EPI_ISL_16698258,EPI_ISL_17494435,6
EPI_ISL_16698258,EPI_ISL_16849192,9
EPI_ISL_16698258,EPI_ISL_17185737,5
EPI_ISL_16698258,EPI_ISL_17273670,3
EPI_ISL_16698258,EPI_ISL_16880261,6
EPI_ISL_16698258,EPI_ISL_16970255,3
EPI_ISL_16698258,EPI_ISL_16970275,15
EPI_ISL_16698258,EPI_ISL_16905045,4
EPI_ISL_16698258,EPI_ISL_17493061,11
EPI_ISL_16698258,EPI_ISL_17062081,8
EPI_ISL_16698258,EPI_ISL_17227572,3
EPI_ISL_16698258,EPI_ISL_17104779,6
EPI_ISL_16698258,EPI_ISL_17279218,9
EPI_ISL_16698258,EPI_ISL_17062989,7
EPI_ISL_16698258,EPI_ISL_17858253,5
EPI_ISL_16698258,EPI_ISL_17489306,15
EPI_ISL_16698258,EPI_ISL_17488063,3
EPI_ISL_16698258,EPI_ISL_17488059,4
EPI_ISL_16698258,EPI_ISL_17199886,3
EPI_ISL_16698258,EPI_ISL_17490441,11
EPI_ISL_16698258,EPI_ISL_17262011,4
EPI_ISL_16698258,EPI_ISL_17494367,4
EPI_ISL_16698258,EPI_ISL_17307377,8
EPI_ISL_16698258,EPI_ISL_17493293,4
EPI_ISL_16698258,EPI_ISL_17489708,5
EPI_ISL_16698258,EPI_ISL_17489299,5
EPI_ISL_16698258,EPI_ISL_17493701,6
EPI_ISL_16698258,EPI_ISL_17563534,7
EPI_ISL_16698258,EPI_ISL_17516771,5
EPI_ISL_16698258,EPI_ISL_17775328,5
EPI_ISL_16698258,EPI_ISL_17632973,11
EPI_ISL_16698258,EPI_ISL_17684059,6
EPI_ISL_16698258,EPI_ISL_17563552,9
EPI_ISL_16698258,EPI_ISL_17697615,3
EPI_ISL_16698258,EPI_ISL_17795055,3
EPI_ISL_16698258,EPI_ISL_17684024,9
EPI_ISL_16698258,EPI_ISL_17775425,12
EPI_ISL_16698258,EPI_ISL_17714282,3
EPI_ISL_16698258,EPI_ISL_16698464,4
EPI_ISL_16698258,EPI_ISL_17501589,8
EPI_ISL_16698258,EPI_ISL_16849184,8
EPI_ISL_16698258,EPI_ISL_17495364,5
EPI_ISL_16598359,EPI_ISL_16698167,3
EPI_ISL_16598359,EPI_ISL_16698253,5
EPI_ISL_16598359,EPI_ISL_16635258,4
EPI_ISL_16598359,EPI_ISL_16327449,7
EPI_ISL_16598359,EPI_ISL_16617314,4
EPI_ISL_16598359,EPI_ISL_16673461,2
EPI_ISL_16598359,EPI_ISL_16468061,6
EPI_ISL_16598359,EPI_ISL_16608433,6
EPI_ISL_16598359,EPI_ISL_16698281,5
EPI_ISL_16598359,EPI_ISL_16617192,2
EPI_ISL_16598359,EPI_ISL_16698277,2
EPI_ISL_16598359,EPI_ISL_16698290,2
EPI_ISL_16598359,EPI_ISL_17088756,2
EPI_ISL_16598359,EPI_ISL_16709120,2
EPI_ISL_16598359,EPI_ISL_16709034,2
EPI_ISL_16598359,EPI_ISL_16737898,2
EPI_ISL_16598359,EPI_ISL_16713982,2
EPI_ISL_16598359,EPI_ISL_16926310,2
EPI_ISL_16598359,EPI_ISL_17492779,2
EPI_ISL_16598359,EPI_ISL_17493648,2
EPI_ISL_16598359,EPI_ISL_16636131,4
EPI_ISL_16598359,EPI_ISL_16641664,3
EPI_ISL_16598359,EPI_ISL_16698457,5
EPI_ISL_16598359,EPI_ISL_16635900,6
EPI_ISL_16598359,EPI_ISL_16702239,4
EPI_ISL_16598359,EPI_ISL_16709233,6
EPI_ISL_16598359,EPI_ISL_16608470,3
EPI_ISL_16598359,EPI_ISL_17490658,3
EPI_ISL_16598359,EPI_ISL_16709041,3
EPI_ISL_16598359,EPI_ISL_16702038,4
EPI_ISL_16598359,EPI_ISL_16709507,3
EPI_ISL_16598359,EPI_ISL_16709502,5
EPI_ISL_16598359,EPI_ISL_16740821,5
EPI_ISL_16598359,EPI_ISL_17488426,5
EPI_ISL_16598359,EPI_ISL_16611242,5
EPI_ISL_16598359,EPI_ISL_16698431,6
EPI_ISL_16598359,EPI_ISL_16911087,5
EPI_ISL_16598359,EPI_ISL_16604898,5
EPI_ISL_16598359,EPI_ISL_16921919,3
EPI_ISL_16598359,EPI_ISL_17273666,3
EPI_ISL_16598359,EPI_ISL_17494422,3
EPI_ISL_16598359,EPI_ISL_17494423,3
EPI_ISL_16598359,EPI_ISL_16849214,8
EPI_ISL_16598359,EPI_ISL_16849140,9
EPI_ISL_16598359,EPI_ISL_17494435,6
EPI_ISL_16598359,EPI_ISL_16849192,9
EPI_ISL_16598359,EPI_ISL_17185737,5
EPI_ISL_16598359,EPI_ISL_17273670,3
EPI_ISL_16598359,EPI_ISL_16880261,6
EPI_ISL_16598359,EPI_ISL_16970255,3
EPI_ISL_16598359,EPI_ISL_16970275,15
EPI_ISL_16598359,EPI_ISL_16905045,4
EPI_ISL_16598359,EPI_ISL_17493061,11
EPI_ISL_16598359,EPI_ISL_17062081,8
EPI_ISL_16598359,EPI_ISL_17279223,8
EPI_ISL_16598359,EPI_ISL_17227572,3
EPI_ISL_16598359,EPI_ISL_17104779,6
EPI_ISL_16598359,EPI_ISL_17279218,9
EPI_ISL_16598359,EPI_ISL_17062989,7
EPI_ISL_16598359,EPI_ISL_17858253,5
EPI_ISL_16598359,EPI_ISL_17104766,3
EPI_ISL_16598359,EPI_ISL_17489306,15
EPI_ISL_16598359,EPI_ISL_17488063,3
EPI_ISL_16598359,EPI_ISL_17488059,4
EPI_ISL_16598359,EPI_ISL_17199886,3
EPI_ISL_16598359,EPI_ISL_17490441,11
EPI_ISL_16598359,EPI_ISL_17262011,4
EPI_ISL_16598359,EPI_ISL_17494367,4
EPI_ISL_16598359,EPI_ISL_17494748,3
EPI_ISL_16598359,EPI_ISL_17307377,8
EPI_ISL_16598359,EPI_ISL_17493293,4
EPI_ISL_16598359,EPI_ISL_17489708,5
EPI_ISL_16598359,EPI_ISL_17489299,5
EPI_ISL_16598359,EPI_ISL_17489702,3
EPI_ISL_16598359,EPI_ISL_17493701,6
EPI_ISL_16598359,EPI_ISL_17563534,7
EPI_ISL_16598359,EPI_ISL_17492684,4
EPI_ISL_16598359,EPI_ISL_17516771,5
EPI_ISL_16598359,EPI_ISL_17505615,12
EPI_ISL_16598359,EPI_ISL_17775328,5
EPI_ISL_16598359,EPI_ISL_17632973,11
EPI_ISL_16598359,EPI_ISL_17684059,6
EPI_ISL_16598359,EPI_ISL_17563552,9
EPI_ISL_16598359,EPI_ISL_17697615,3
EPI_ISL_16598359,EPI_ISL_17632950,9
EPI_ISL_16598359,EPI_ISL_17795055,3
EPI_ISL_16598359,EPI_ISL_17684024,9
EPI_ISL_16598359,EPI_ISL_17775425,12
EPI_ISL_16598359,EPI_ISL_17714282,3
EPI_ISL_16598359,EPI_ISL_17795074,7
EPI_ISL_16598359,EPI_ISL_16709234,4
EPI_ISL_16598359,EPI_ISL_16709508,4
EPI_ISL_16598359,EPI_ISL_16698464,4
EPI_ISL_16598359,EPI_ISL_16608457,4
EPI_ISL_16598359,EPI_ISL_17501589,8
EPI_ISL_16598359,EPI_ISL_17495364,5
EPI_ISL_16698290,EPI_ISL_16698167,3
EPI_ISL_16698290,EPI_ISL_16698253,5
EPI_ISL_16698290,EPI_ISL_16635258,4
EPI_ISL_16698290,EPI_ISL_16327449,7
EPI_ISL_16698290,EPI_ISL_16617314,4
EPI_ISL_16698290,EPI_ISL_16468061,6
EPI_ISL_16698290,EPI_ISL_16698281,5
EPI_ISL_16698290,EPI_ISL_16636131,4
EPI_ISL_16698290,EPI_ISL_16641664,3
EPI_ISL_16698290,EPI_ISL_17088756,2
EPI_ISL_16698290,EPI_ISL_16709120,2
EPI_ISL_16698290,EPI_ISL_16709034,2
EPI_ISL_16698290,EPI_ISL_16737898,2
EPI_ISL_16698290,EPI_ISL_16713982,2
EPI_ISL_16698290,EPI_ISL_17492779,2
EPI_ISL_16698290,EPI_ISL_17493648,2
EPI_ISL_16698290,EPI_ISL_16635900,6
EPI_ISL_16698290,EPI_ISL_17490658,3
EPI_ISL_16698290,EPI_ISL_16709041,3
EPI_ISL_16698290,EPI_ISL_16671003,5
EPI_ISL_16698290,EPI_ISL_16740821,5
EPI_ISL_16698290,EPI_ISL_17488426,5
EPI_ISL_16698290,EPI_ISL_16611242,5
EPI_ISL_16698290,EPI_ISL_16698431,6
EPI_ISL_16698290,EPI_ISL_16911087,5
EPI_ISL_16698290,EPI_ISL_16604898,5
EPI_ISL_16698290,EPI_ISL_17494422,3
EPI_ISL_16698290,EPI_ISL_16849214,8
EPI_ISL_16698290,EPI_ISL_16849140,9
EPI_ISL_16698290,EPI_ISL_17494435,6
EPI_ISL_16698290,EPI_ISL_16849192,9
EPI_ISL_16698290,EPI_ISL_17185737,5
EPI_ISL_16698290,EPI_ISL_17273670,3
EPI_ISL_16698290,EPI_ISL_16880261,6
EPI_ISL_16698290,EPI_ISL_16970255,3
EPI_ISL_16698290,EPI_ISL_16970275,15
EPI_ISL_16698290,EPI_ISL_16905045,4
EPI_ISL_16698290,EPI_ISL_17493061,11
EPI_ISL_16698290,EPI_ISL_17062081,8
EPI_ISL_16698290,EPI_ISL_17227572,3
EPI_ISL_16698290,EPI_ISL_17104779,6
EPI_ISL_16698290,EPI_ISL_17279218,9
EPI_ISL_16698290,EPI_ISL_17062989,7
EPI_ISL_16698290,EPI_ISL_17858253,5
EPI_ISL_16698290,EPI_ISL_17489306,15
EPI_ISL_16698290,EPI_ISL_17488063,3
EPI_ISL_16698290,EPI_ISL_17488059,4
EPI_ISL_16698290,EPI_ISL_17199886,3
EPI_ISL_16698290,EPI_ISL_17490441,11
EPI_ISL_16698290,EPI_ISL_17262011,4
EPI_ISL_16698290,EPI_ISL_17487916,5
EPI_ISL_16698290,EPI_ISL_17494367,4
EPI_ISL_16698290,EPI_ISL_17307377,8
EPI_ISL_16698290,EPI_ISL_17489708,5
EPI_ISL_16698290,EPI_ISL_17489299,5
EPI_ISL_16698290,EPI_ISL_17493701,6
EPI_ISL_16698290,EPI_ISL_17563534,7
EPI_ISL_16698290,EPI_ISL_17516771,5
EPI_ISL_16698290,EPI_ISL_17775328,5
EPI_ISL_16698290,EPI_ISL_17632973,11
EPI_ISL_16698290,EPI_ISL_17684059,6
EPI_ISL_16698290,EPI_ISL_17563552,9
EPI_ISL_16698290,EPI_ISL_17697615,3
EPI_ISL_16698290,EPI_ISL_17795055,3
EPI_ISL_16698290,EPI_ISL_17684024,9
EPI_ISL_16698290,EPI_ISL_17775425,12
EPI_ISL_16698290,EPI_ISL_17714282,3
EPI_ISL_16698290,EPI_ISL_17501589,8
EPI_ISL_16698290,EPI_ISL_17495364,5
EPI_ISL_16709034,EPI_ISL_16698167,3
EPI_ISL_16709034,EPI_ISL_16698253,5
EPI_ISL_16709034,EPI_ISL_16635258,4
EPI_ISL_16709034,EPI_ISL_16617314,4
EPI_ISL_16709034,EPI_ISL_16468061,6
EPI_ISL_16709034,EPI_ISL_16698281,5
EPI_ISL_16709034,EPI_ISL_16636131,4
EPI_ISL_16709034,EPI_ISL_16641664,3
EPI_ISL_16709034,EPI_ISL_17490658,3
EPI_ISL_16709034,EPI_ISL_16737898,2
EPI_ISL_16709034,EPI_ISL_16713982,2
EPI_ISL_16709034,EPI_ISL_17492779,2
EPI_ISL_16709034,EPI_ISL_17493648,2
EPI_ISL_16709034,EPI_ISL_17488426,5
EPI_ISL_16709034,EPI_ISL_16698431,6
EPI_ISL_16709034,EPI_ISL_16604898,5
EPI_ISL_16709034,EPI_ISL_17494422,3
EPI_ISL_16709034,EPI_ISL_16849214,8
EPI_ISL_16709034,EPI_ISL_16849140,9
EPI_ISL_16709034,EPI_ISL_17494435,6
EPI_ISL_16709034,EPI_ISL_17185737,5
EPI_ISL_16709034,EPI_ISL_17273670,3
EPI_ISL_16709034,EPI_ISL_16880261,6
EPI_ISL_16709034,EPI_ISL_16970255,3
EPI_ISL_16709034,EPI_ISL_16970275,15
EPI_ISL_16709034,EPI_ISL_16905045,4
EPI_ISL_16709034,EPI_ISL_17062081,8
EPI_ISL_16709034,EPI_ISL_17858253,5
EPI_ISL_16709034,EPI_ISL_17488063,3
EPI_ISL_16709034,EPI_ISL_17488059,4
EPI_ISL_16709034,EPI_ISL_17199886,3
EPI_ISL_16709034,EPI_ISL_17490441,11
EPI_ISL_16709034,EPI_ISL_17262011,4
EPI_ISL_16709034,EPI_ISL_17494367,4
EPI_ISL_16709034,EPI_ISL_17307377,8
EPI_ISL_16709034,EPI_ISL_17493293,4
EPI_ISL_16709034,EPI_ISL_17563534,7
EPI_ISL_16709034,EPI_ISL_17516771,5
EPI_ISL_16709034,EPI_ISL_17563552,9
EPI_ISL_16709034,EPI_ISL_17697615,3
EPI_ISL_16709034,EPI_ISL_17795055,3
EPI_ISL_16709034,EPI_ISL_17684024,9
EPI_ISL_16709034,EPI_ISL_17714282,3
EPI_ISL_16709034,EPI_ISL_17495364,5
EPI_ISL_16737898,EPI_ISL_16698167,3
EPI_ISL_16737898,EPI_ISL_16698192,2
EPI_ISL_16737898,EPI_ISL_16698253,5
EPI_ISL_16737898,EPI_ISL_16635258,4
EPI_ISL_16737898,EPI_ISL_16327449,7
EPI_ISL_16737898,EPI_ISL_16617314,4
EPI_ISL_16737898,EPI_ISL_16468061,6
EPI_ISL_16737898,EPI_ISL_16698281,5
EPI_ISL_16737898,EPI_ISL_16636131,4
EPI_ISL_16737898,EPI_ISL_16641664,3
EPI_ISL_16737898,EPI_ISL_16635900,6
EPI_ISL_16737898,EPI_ISL_17490658,3
EPI_ISL_16737898,EPI_ISL_16709041,3
EPI_ISL_16737898,EPI_ISL_16671003,5
EPI_ISL_16737898,EPI_ISL_16740821,5
EPI_ISL_16737898,EPI_ISL_17488426,5
EPI_ISL_16737898,EPI_ISL_16611242,5
EPI_ISL_16737898,EPI_ISL_16633796,4
EPI_ISL_16737898,EPI_ISL_16698431,6
EPI_ISL_16737898,EPI_ISL_16911087,5
EPI_ISL_16737898,EPI_ISL_16713982,2
EPI_ISL_16737898,EPI_ISL_17492779,2
EPI_ISL_16737898,EPI_ISL_17493648,2
EPI_ISL_16737898,EPI_ISL_16604898,5
EPI_ISL_16737898,EPI_ISL_16921919,3
EPI_ISL_16737898,EPI_ISL_17494422,3
EPI_ISL_16737898,EPI_ISL_17493667,3
EPI_ISL_16737898,EPI_ISL_16849214,8
EPI_ISL_16737898,EPI_ISL_16849140,9
EPI_ISL_16737898,EPI_ISL_17494435,6
EPI_ISL_16737898,EPI_ISL_16849192,9
EPI_ISL_16737898,EPI_ISL_17185737,5
EPI_ISL_16737898,EPI_ISL_17488126,8
EPI_ISL_16737898,EPI_ISL_17273670,3
EPI_ISL_16737898,EPI_ISL_16880261,6
EPI_ISL_16737898,EPI_ISL_16977231,3
EPI_ISL_16737898,EPI_ISL_16970255,3
EPI_ISL_16737898,EPI_ISL_16970275,15
EPI_ISL_16737898,EPI_ISL_16905045,4
EPI_ISL_16737898,EPI_ISL_17493061,11
EPI_ISL_16737898,EPI_ISL_17062081,8
EPI_ISL_16737898,EPI_ISL_17279223,8
EPI_ISL_16737898,EPI_ISL_17227572,3
EPI_ISL_16737898,EPI_ISL_17104779,6
EPI_ISL_16737898,EPI_ISL_17279218,9
EPI_ISL_16737898,EPI_ISL_17062989,7
EPI_ISL_16737898,EPI_ISL_17858253,5
EPI_ISL_16737898,EPI_ISL_17104766,3
EPI_ISL_16737898,EPI_ISL_17489306,15
EPI_ISL_16737898,EPI_ISL_17488063,3
EPI_ISL_16737898,EPI_ISL_17488059,4
EPI_ISL_16737898,EPI_ISL_17186562,6
EPI_ISL_16737898,EPI_ISL_17199886,3
EPI_ISL_16737898,EPI_ISL_17490441,11
EPI_ISL_16737898,EPI_ISL_17262011,4
EPI_ISL_16737898,EPI_ISL_17487916,5
EPI_ISL_16737898,EPI_ISL_17494367,4
EPI_ISL_16737898,EPI_ISL_17307377,8
EPI_ISL_16737898,EPI_ISL_17493293,4
EPI_ISL_16737898,EPI_ISL_17489708,5
EPI_ISL_16737898,EPI_ISL_17489299,5
EPI_ISL_16737898,EPI_ISL_17493701,6
EPI_ISL_16737898,EPI_ISL_17563534,7
EPI_ISL_16737898,EPI_ISL_17485790,14
EPI_ISL_16737898,EPI_ISL_17516771,5
EPI_ISL_16737898,EPI_ISL_17501458,6
EPI_ISL_16737898,EPI_ISL_17775328,5
EPI_ISL_16737898,EPI_ISL_17632973,11
EPI_ISL_16737898,EPI_ISL_17547591,9
EPI_ISL_16737898,EPI_ISL_17684059,6
EPI_ISL_16737898,EPI_ISL_17563552,9
EPI_ISL_16737898,EPI_ISL_17697615,3
EPI_ISL_16737898,EPI_ISL_17795055,3
EPI_ISL_16737898,EPI_ISL_17684024,9
EPI_ISL_16737898,EPI_ISL_17775425,12
EPI_ISL_16737898,EPI_ISL_17714282,3
EPI_ISL_16737898,EPI_ISL_17795074,7
EPI_ISL_16737898,EPI_ISL_16698464,4
EPI_ISL_16737898,EPI_ISL_17501589,8
EPI_ISL_16737898,EPI_ISL_16849184,8
EPI_ISL_16737898,EPI_ISL_17495364,5
EPI_ISL_16713982,EPI_ISL_16698167,3
EPI_ISL_16713982,EPI_ISL_16698253,5
EPI_ISL_16713982,EPI_ISL_16635258,4
EPI_ISL_16713982,EPI_ISL_16617314,4
EPI_ISL_16713982,EPI_ISL_16468061,6
EPI_ISL_16713982,EPI_ISL_16698281,5
EPI_ISL_16713982,EPI_ISL_16636131,4
EPI_ISL_16713982,EPI_ISL_17490658,3
EPI_ISL_16713982,EPI_ISL_17488426,5
EPI_ISL_16713982,EPI_ISL_16698431,6
EPI_ISL_16713982,EPI_ISL_17494422,3
EPI_ISL_16713982,EPI_ISL_17492779,2
EPI_ISL_16713982,EPI_ISL_17493648,2
EPI_ISL_16713982,EPI_ISL_16849214,8
EPI_ISL_16713982,EPI_ISL_16849140,9
EPI_ISL_16713982,EPI_ISL_17494435,6
EPI_ISL_16713982,EPI_ISL_17185737,5
EPI_ISL_16713982,EPI_ISL_17273670,3
EPI_ISL_16713982,EPI_ISL_16880261,6
EPI_ISL_16713982,EPI_ISL_16970255,3
EPI_ISL_16713982,EPI_ISL_16970275,15
EPI_ISL_16713982,EPI_ISL_16905045,4
EPI_ISL_16713982,EPI_ISL_17062081,8
EPI_ISL_16713982,EPI_ISL_17858253,5
EPI_ISL_16713982,EPI_ISL_17488063,3
EPI_ISL_16713982,EPI_ISL_17488059,4
EPI_ISL_16713982,EPI_ISL_17199886,3
EPI_ISL_16713982,EPI_ISL_17490441,11
EPI_ISL_16713982,EPI_ISL_17262011,4
EPI_ISL_16713982,EPI_ISL_17307377,8
EPI_ISL_16713982,EPI_ISL_17563534,7
EPI_ISL_16713982,EPI_ISL_17516771,5
EPI_ISL_16713982,EPI_ISL_17563552,9
EPI_ISL_16713982,EPI_ISL_17697615,3
EPI_ISL_16713982,EPI_ISL_17684024,9
EPI_ISL_16713982,EPI_ISL_17714282,3
EPI_ISL_16713982,EPI_ISL_17495364,5
EPI_ISL_17492779,EPI_ISL_16698167,3
EPI_ISL_17492779,EPI_ISL_16698253,5
EPI_ISL_17492779,EPI_ISL_16635258,4
EPI_ISL_17492779,EPI_ISL_16617314,4
EPI_ISL_17492779,EPI_ISL_16468061,6
EPI_ISL_17492779,EPI_ISL_16698281,5
EPI_ISL_17492779,EPI_ISL_16636131,4
EPI_ISL_17492779,EPI_ISL_17490658,3
EPI_ISL_17492779,EPI_ISL_17488426,5
EPI_ISL_17492779,EPI_ISL_16698431,6
EPI_ISL_17492779,EPI_ISL_16604898,5
EPI_ISL_17492779,EPI_ISL_16921919,3
EPI_ISL_17492779,EPI_ISL_17494422,3
EPI_ISL_17492779,EPI_ISL_16849214,8
EPI_ISL_17492779,EPI_ISL_16723065,4
EPI_ISL_17492779,EPI_ISL_16849140,9
EPI_ISL_17492779,EPI_ISL_17494435,6
EPI_ISL_17492779,EPI_ISL_17185737,5
EPI_ISL_17492779,EPI_ISL_17273670,3
EPI_ISL_17492779,EPI_ISL_16977230,2
EPI_ISL_17492779,EPI_ISL_16880261,6
EPI_ISL_17492779,EPI_ISL_16970255,3
EPI_ISL_17492779,EPI_ISL_16970275,15
EPI_ISL_17492779,EPI_ISL_16905045,4
EPI_ISL_17492779,EPI_ISL_17062081,8
EPI_ISL_17492779,EPI_ISL_17493648,2
EPI_ISL_17492779,EPI_ISL_17858253,5
EPI_ISL_17492779,EPI_ISL_17488063,3
EPI_ISL_17492779,EPI_ISL_17488059,4
EPI_ISL_17492779,EPI_ISL_17199886,3
EPI_ISL_17492779,EPI_ISL_17490441,11
EPI_ISL_17492779,EPI_ISL_17262011,4
EPI_ISL_17492779,EPI_ISL_17494367,4
EPI_ISL_17492779,EPI_ISL_17307377,8
EPI_ISL_17492779,EPI_ISL_17493293,4
EPI_ISL_17492779,EPI_ISL_17563534,7
EPI_ISL_17492779,EPI_ISL_17516771,5
EPI_ISL_17492779,EPI_ISL_17563552,9
EPI_ISL_17492779,EPI_ISL_17697615,3
EPI_ISL_17492779,EPI_ISL_17795055,3
EPI_ISL_17492779,EPI_ISL_17684024,9
EPI_ISL_17492779,EPI_ISL_17714282,3
EPI_ISL_17492779,EPI_ISL_17068947,9
EPI_ISL_17492779,EPI_ISL_17495364,5
EPI_ISL_17493648,EPI_ISL_16698167,3
EPI_ISL_17493648,EPI_ISL_16698253,5
EPI_ISL_17493648,EPI_ISL_16635258,4
EPI_ISL_17493648,EPI_ISL_16327449,7
EPI_ISL_17493648,EPI_ISL_16617314,4
EPI_ISL_17493648,EPI_ISL_16468061,6
EPI_ISL_17493648,EPI_ISL_16698281,5
EPI_ISL_17493648,EPI_ISL_16636131,4
EPI_ISL_17493648,EPI_ISL_16641664,3
EPI_ISL_17493648,EPI_ISL_16635900,6
EPI_ISL_17493648,EPI_ISL_17490658,3
EPI_ISL_17493648,EPI_ISL_16709041,3
EPI_ISL_17493648,EPI_ISL_16671003,5
EPI_ISL_17493648,EPI_ISL_16740821,5
EPI_ISL_17493648,EPI_ISL_17488426,5
EPI_ISL_17493648,EPI_ISL_16611242,5
EPI_ISL_17493648,EPI_ISL_16698431,6
EPI_ISL_17493648,EPI_ISL_16911087,5
EPI_ISL_17493648,EPI_ISL_16604898,5
EPI_ISL_17493648,EPI_ISL_17494422,3
EPI_ISL_17493648,EPI_ISL_16849214,8
EPI_ISL_17493648,EPI_ISL_16849140,9
EPI_ISL_17493648,EPI_ISL_17494435,6
EPI_ISL_17493648,EPI_ISL_16849192,9
EPI_ISL_17493648,EPI_ISL_17185737,5
EPI_ISL_17493648,EPI_ISL_17273670,3
EPI_ISL_17493648,EPI_ISL_16880261,6
EPI_ISL_17493648,EPI_ISL_16970255,3
EPI_ISL_17493648,EPI_ISL_16970275,15
EPI_ISL_17493648,EPI_ISL_16905045,4
EPI_ISL_17493648,EPI_ISL_17493061,11
EPI_ISL_17493648,EPI_ISL_17062081,8
EPI_ISL_17493648,EPI_ISL_17227572,3
EPI_ISL_17493648,EPI_ISL_17104779,6
EPI_ISL_17493648,EPI_ISL_17279218,9
EPI_ISL_17493648,EPI_ISL_17062989,7
EPI_ISL_17493648,EPI_ISL_17858253,5
EPI_ISL_17493648,EPI_ISL_17104766,3
EPI_ISL_17493648,EPI_ISL_17489306,15
EPI_ISL_17493648,EPI_ISL_17488063,3
EPI_ISL_17493648,EPI_ISL_17488059,4
EPI_ISL_17493648,EPI_ISL_17199886,3
EPI_ISL_17493648,EPI_ISL_17490441,11
EPI_ISL_17493648,EPI_ISL_17262011,4
EPI_ISL_17493648,EPI_ISL_17487916,5
EPI_ISL_17493648,EPI_ISL_17494367,4
EPI_ISL_17493648,EPI_ISL_17307377,8
EPI_ISL_17493648,EPI_ISL_17493293,4
EPI_ISL_17493648,EPI_ISL_17489708,5
EPI_ISL_17493648,EPI_ISL_17489299,5
EPI_ISL_17493648,EPI_ISL_17493701,6
EPI_ISL_17493648,EPI_ISL_17563534,7
EPI_ISL_17493648,EPI_ISL_17516771,5
EPI_ISL_17493648,EPI_ISL_17775328,5
EPI_ISL_17493648,EPI_ISL_17632973,11
EPI_ISL_17493648,EPI_ISL_17684059,6
EPI_ISL_17493648,EPI_ISL_17563552,9
EPI_ISL_17493648,EPI_ISL_17697615,3
EPI_ISL_17493648,EPI_ISL_17795055,3
EPI_ISL_17493648,EPI_ISL_17684024,9
EPI_ISL_17493648,EPI_ISL_17775425,12
EPI_ISL_17493648,EPI_ISL_17714282,3
EPI_ISL_17493648,EPI_ISL_17501589,8
EPI_ISL_17493648,EPI_ISL_17495364,5
EPI_ISL_16698167,EPI_ISL_17563552,9
EPI_ISL_16635258,EPI_ISL_17488426,5
EPI_ISL_17088682,EPI_ISL_16698258,3
EPI_ISL_17088682,EPI_ISL_16598359,3
EPI_ISL_17088682,EPI_ISL_16698290,3
EPI_ISL_17088682,EPI_ISL_16709034,3
EPI_ISL_17088682,EPI_ISL_16737898,3
EPI_ISL_17088682,EPI_ISL_17492779,3
EPI_ISL_17088682,EPI_ISL_17493648,3
EPI_ISL_17088682,EPI_ISL_16698277,3
EPI_ISL_17088682,EPI_ISL_17088756,3
EPI_ISL_17088682,EPI_ISL_16709120,3
EPI_ISL_16636131,EPI_ISL_17501589,8
EPI_ISL_16636131,EPI_ISL_17495364,5
EPI_ISL_16641664,EPI_ISL_17493314,9
EPI_ISL_16641664,EPI_ISL_17493262,5
EPI_ISL_16641664,EPI_ISL_17620316,6
EPI_ISL_16641664,EPI_ISL_17547591,9
EPI_ISL_16641664,EPI_ISL_17625300,6
EPI_ISL_17490658,EPI_ISL_17488097,5
EPI_ISL_16604898,EPI_ISL_16977230,5
EPI_ISL_16849214,EPI_ISL_16635138,8
EPI_ISL_16849140,EPI_ISL_16635138,9
EPI_ISL_17273670,EPI_ISL_16334606,5
EPI_ISL_17273670,EPI_ISL_17714282,3
EPI_ISL_17273670,EPI_ISL_17501589,8
EPI_ISL_16905045,EPI_ISL_16327351,9
EPI_ISL_16905045,EPI_ISL_17775425,12
EPI_ISL_17795055,EPI_ISL_16849140,9
EPI_ISL_17795055,EPI_ISL_17185737,5
EPI_ISL_17795055,EPI_ISL_16970275,15
EPI_ISL_17795055,EPI_ISL_17062081,8
EPI_ISL_17714282,EPI_ISL_16921882,3
EPI_ISL_17714282,EPI_ISL_17062081,8
EPI_ISL_17714282,EPI_ISL_17489306,15
EPI_ISL_17714282,EPI_ISL_17489299,5
EPI_ISL_17714282,EPI_ISL_17536870,6
EPI_ISL_17714282,EPI_ISL_17684059,6
EPI_ISL_17495364,EPI_ISL_17615040,2
EPI_ISL_17495364,EPI_ISL_17501589,8
EPI_ISL_17495364,EPI_ISL_17495363,0
EPI_ISL_16698277,EPI_ISL_16698155,1
EPI_ISL_16698277,EPI_ISL_16698166,1
EPI_ISL_16698277,EPI_ISL_16698290,2
EPI_ISL_16698277,EPI_ISL_16737898,2
EPI_ISL_16698277,EPI_ISL_17493648,2
EPI_ISL_16698277,EPI_ISL_16905045,4
EPI_ISL_16698277,EPI_ISL_16698167,3
EPI_ISL_16698277,EPI_ISL_16698253,5
EPI_ISL_16698277,EPI_ISL_16635258,4
EPI_ISL_16698277,EPI_ISL_16327449,7
EPI_ISL_16698277,EPI_ISL_16636131,4
EPI_ISL_16698277,EPI_ISL_16641664,3
EPI_ISL_16698277,EPI_ISL_16635900,6
EPI_ISL_16698277,EPI_ISL_17088756,2
EPI_ISL_16698277,EPI_ISL_17490658,3
EPI_ISL_16698277,EPI_ISL_16709041,3
EPI_ISL_16698277,EPI_ISL_16709120,2
EPI_ISL_16698277,EPI_ISL_16671003,5
EPI_ISL_16698277,EPI_ISL_16740821,5
EPI_ISL_16698277,EPI_ISL_17488426,5
EPI_ISL_16698277,EPI_ISL_16611242,5
EPI_ISL_16698277,EPI_ISL_16911087,5
EPI_ISL_16698277,EPI_ISL_16604898,5
EPI_ISL_16698277,EPI_ISL_16849192,9
EPI_ISL_16698277,EPI_ISL_16970249,6
EPI_ISL_16698277,EPI_ISL_17185737,5
EPI_ISL_16698277,EPI_ISL_17273670,3
EPI_ISL_16698277,EPI_ISL_16880261,6
EPI_ISL_16698277,EPI_ISL_16880255,2
EPI_ISL_16698277,EPI_ISL_16970252,6
EPI_ISL_16698277,EPI_ISL_16970275,15
EPI_ISL_16698277,EPI_ISL_17493061,11
EPI_ISL_16698277,EPI_ISL_17227572,3
EPI_ISL_16698277,EPI_ISL_17104779,6
EPI_ISL_16698277,EPI_ISL_17279218,9
EPI_ISL_16698277,EPI_ISL_17062989,7
EPI_ISL_16698277,EPI_ISL_17858253,5
EPI_ISL_16698277,EPI_ISL_17489306,15
EPI_ISL_16698277,EPI_ISL_17199886,3
EPI_ISL_16698277,EPI_ISL_17307377,8
EPI_ISL_16698277,EPI_ISL_17489708,5
EPI_ISL_16698277,EPI_ISL_17489299,5
EPI_ISL_16698277,EPI_ISL_17493701,6
EPI_ISL_16698277,EPI_ISL_17563534,7
EPI_ISL_16698277,EPI_ISL_17516771,5
EPI_ISL_16698277,EPI_ISL_17775328,5
EPI_ISL_16698277,EPI_ISL_17632973,11
EPI_ISL_16698277,EPI_ISL_17684059,6
EPI_ISL_16698277,EPI_ISL_17697615,3
EPI_ISL_16698277,EPI_ISL_17775425,12
EPI_ISL_16698277,EPI_ISL_17501589,8
EPI_ISL_16698277,EPI_ISL_17495364,5
EPI_ISL_16711857,EPI_ISL_16711875,4
EPI_ISL_16711857,EPI_ISL_16712090,4
EPI_ISL_16711857,EPI_ISL_16712113,4
EPI_ISL_16711857,EPI_ISL_16711894,4
EPI_ISL_16711857,EPI_ISL_16561119,5
EPI_ISL_16597025,EPI_ISL_16698258,2
EPI_ISL_16597025,EPI_ISL_16598359,2
EPI_ISL_16597025,EPI_ISL_16698290,2
EPI_ISL_16597025,EPI_ISL_16737898,2
EPI_ISL_16597025,EPI_ISL_17493648,2
EPI_ISL_16597025,EPI_ISL_16905045,4
EPI_ISL_16597025,EPI_ISL_16698277,2
EPI_ISL_16597025,EPI_ISL_16698167,3
EPI_ISL_16597025,EPI_ISL_16698253,5
EPI_ISL_16597025,EPI_ISL_16635258,4
EPI_ISL_16597025,EPI_ISL_16327449,7
EPI_ISL_16597025,EPI_ISL_17488694,2
EPI_ISL_16597025,EPI_ISL_17088756,2
EPI_ISL_16597025,EPI_ISL_16709120,2
EPI_ISL_16597025,EPI_ISL_17501620,2
EPI_ISL_16597025,EPI_ISL_17088682,3
EPI_ISL_16597025,EPI_ISL_16598613,3
EPI_ISL_16597025,EPI_ISL_16636131,4
EPI_ISL_16597025,EPI_ISL_16641664,3
EPI_ISL_16597025,EPI_ISL_16635900,6
EPI_ISL_16597025,EPI_ISL_17490658,3
EPI_ISL_16597025,EPI_ISL_16709041,3
EPI_ISL_16597025,EPI_ISL_16671003,5
EPI_ISL_16597025,EPI_ISL_16740821,5
EPI_ISL_16597025,EPI_ISL_17488426,5
EPI_ISL_16597025,EPI_ISL_16611242,5
EPI_ISL_16597025,EPI_ISL_16911087,5
EPI_ISL_16597025,EPI_ISL_16604898,5
EPI_ISL_16597025,EPI_ISL_16849192,9
EPI_ISL_16597025,EPI_ISL_17185737,5
EPI_ISL_16597025,EPI_ISL_17273670,3
EPI_ISL_16597025,EPI_ISL_16880261,6
EPI_ISL_16597025,EPI_ISL_16970275,15
EPI_ISL_16597025,EPI_ISL_17493061,11
EPI_ISL_16597025,EPI_ISL_17227572,3
EPI_ISL_16597025,EPI_ISL_17104779,6
EPI_ISL_16597025,EPI_ISL_17279218,9
EPI_ISL_16597025,EPI_ISL_17062989,7
EPI_ISL_16597025,EPI_ISL_17858253,5
EPI_ISL_16597025,EPI_ISL_17489306,15
EPI_ISL_16597025,EPI_ISL_17199886,3
EPI_ISL_16597025,EPI_ISL_17487916,5
EPI_ISL_16597025,EPI_ISL_17307377,8
EPI_ISL_16597025,EPI_ISL_17489708,5
EPI_ISL_16597025,EPI_ISL_17489299,5
EPI_ISL_16597025,EPI_ISL_17493701,6
EPI_ISL_16597025,EPI_ISL_17563534,7
EPI_ISL_16597025,EPI_ISL_17516771,5
EPI_ISL_16597025,EPI_ISL_17775328,5
EPI_ISL_16597025,EPI_ISL_17632973,11
EPI_ISL_16597025,EPI_ISL_17684059,6
EPI_ISL_16597025,EPI_ISL_17697615,3
EPI_ISL_16597025,EPI_ISL_17775425,12
EPI_ISL_16597025,EPI_ISL_16608457,4
EPI_ISL_16597025,EPI_ISL_17501589,8
EPI_ISL_16597025,EPI_ISL_17495364,5
EPI_ISL_17488694,EPI_ISL_16698258,2
EPI_ISL_17488694,EPI_ISL_16598359,2
EPI_ISL_17488694,EPI_ISL_16698290,2
EPI_ISL_17488694,EPI_ISL_16737898,2
EPI_ISL_17488694,EPI_ISL_17493648,2
EPI_ISL_17488694,EPI_ISL_16905045,4
EPI_ISL_17488694,EPI_ISL_16698277,2
EPI_ISL_17488694,EPI_ISL_16698167,3
EPI_ISL_17488694,EPI_ISL_16698253,5
EPI_ISL_17488694,EPI_ISL_16635258,4
EPI_ISL_17488694,EPI_ISL_16327449,7
EPI_ISL_17488694,EPI_ISL_17088756,2
EPI_ISL_17488694,EPI_ISL_16709120,2
EPI_ISL_17488694,EPI_ISL_16636131,4
EPI_ISL_17488694,EPI_ISL_16641664,3
EPI_ISL_17488694,EPI_ISL_16635900,6
EPI_ISL_17488694,EPI_ISL_17490658,3
EPI_ISL_17488694,EPI_ISL_16709041,3
EPI_ISL_17488694,EPI_ISL_16740821,5
EPI_ISL_17488694,EPI_ISL_17488426,5
EPI_ISL_17488694,EPI_ISL_16611242,5
EPI_ISL_17488694,EPI_ISL_16911087,5
EPI_ISL_17488694,EPI_ISL_16604898,5
EPI_ISL_17488694,EPI_ISL_16849192,9
EPI_ISL_17488694,EPI_ISL_17185737,5
EPI_ISL_17488694,EPI_ISL_17273670,3
EPI_ISL_17488694,EPI_ISL_16880261,6
EPI_ISL_17488694,EPI_ISL_16970275,15
EPI_ISL_17488694,EPI_ISL_17493061,11
EPI_ISL_17488694,EPI_ISL_17227572,3
EPI_ISL_17488694,EPI_ISL_17104779,6
EPI_ISL_17488694,EPI_ISL_17279218,9
EPI_ISL_17488694,EPI_ISL_17062989,7
EPI_ISL_17488694,EPI_ISL_17858253,5
EPI_ISL_17488694,EPI_ISL_17489306,15
EPI_ISL_17488694,EPI_ISL_17199886,3
EPI_ISL_17488694,EPI_ISL_17307377,8
EPI_ISL_17488694,EPI_ISL_17489708,5
EPI_ISL_17488694,EPI_ISL_17489299,5
EPI_ISL_17488694,EPI_ISL_17493701,6
EPI_ISL_17488694,EPI_ISL_17563534,7
EPI_ISL_17488694,EPI_ISL_17516771,5
EPI_ISL_17488694,EPI_ISL_17505656,8
EPI_ISL_17488694,EPI_ISL_17775328,5
EPI_ISL_17488694,EPI_ISL_17632973,11
EPI_ISL_17488694,EPI_ISL_17684059,6
EPI_ISL_17488694,EPI_ISL_17697615,3
EPI_ISL_17488694,EPI_ISL_17775425,12
EPI_ISL_17488694,EPI_ISL_17501589,8
EPI_ISL_17488694,EPI_ISL_17495364,5
EPI_ISL_17088756,EPI_ISL_16737898,2
EPI_ISL_17088756,EPI_ISL_17493648,2
EPI_ISL_17088756,EPI_ISL_16905045,4
EPI_ISL_17088756,EPI_ISL_16698167,3
EPI_ISL_17088756,EPI_ISL_16698253,5
EPI_ISL_17088756,EPI_ISL_16635258,4
EPI_ISL_17088756,EPI_ISL_16327449,7
EPI_ISL_17088756,EPI_ISL_16636131,4
EPI_ISL_17088756,EPI_ISL_16641664,3
EPI_ISL_17088756,EPI_ISL_16635900,6
EPI_ISL_17088756,EPI_ISL_16709120,2
EPI_ISL_17088756,EPI_ISL_17490658,3
EPI_ISL_17088756,EPI_ISL_16709041,3
EPI_ISL_17088756,EPI_ISL_16671003,5
EPI_ISL_17088756,EPI_ISL_16740821,5
EPI_ISL_17088756,EPI_ISL_17488426,5
EPI_ISL_17088756,EPI_ISL_16611242,5
EPI_ISL_17088756,EPI_ISL_16911087,5
EPI_ISL_17088756,EPI_ISL_16604898,5
EPI_ISL_17088756,EPI_ISL_16849192,9
EPI_ISL_17088756,EPI_ISL_17185737,5
EPI_ISL_17088756,EPI_ISL_17273670,3
EPI_ISL_17088756,EPI_ISL_16880261,6
EPI_ISL_17088756,EPI_ISL_16970275,15
EPI_ISL_17088756,EPI_ISL_17493061,11
EPI_ISL_17088756,EPI_ISL_17227572,3
EPI_ISL_17088756,EPI_ISL_17104779,6
EPI_ISL_17088756,EPI_ISL_17279218,9
EPI_ISL_17088756,EPI_ISL_17062989,7
EPI_ISL_17088756,EPI_ISL_17858253,5
EPI_ISL_17088756,EPI_ISL_17489306,15
EPI_ISL_17088756,EPI_ISL_17199886,3
EPI_ISL_17088756,EPI_ISL_17487916,5
EPI_ISL_17088756,EPI_ISL_17307377,8
EPI_ISL_17088756,EPI_ISL_17489708,5
EPI_ISL_17088756,EPI_ISL_17489299,5
EPI_ISL_17088756,EPI_ISL_17493701,6
EPI_ISL_17088756,EPI_ISL_17563534,7
EPI_ISL_17088756,EPI_ISL_17516771,5
EPI_ISL_17088756,EPI_ISL_17775328,5
EPI_ISL_17088756,EPI_ISL_17632973,11
EPI_ISL_17088756,EPI_ISL_17684059,6
EPI_ISL_17088756,EPI_ISL_17697615,3
EPI_ISL_17088756,EPI_ISL_17775425,12
EPI_ISL_17088756,EPI_ISL_17501589,8
EPI_ISL_17088756,EPI_ISL_17495364,5
EPI_ISL_16709120,EPI_ISL_16737898,2
EPI_ISL_16709120,EPI_ISL_17493648,2
EPI_ISL_16709120,EPI_ISL_16905045,4
EPI_ISL_16709120,EPI_ISL_16698167,3
EPI_ISL_16709120,EPI_ISL_16698253,5
EPI_ISL_16709120,EPI_ISL_16635258,4
EPI_ISL_16709120,EPI_ISL_16327449,7
EPI_ISL_16709120,EPI_ISL_16636131,4
EPI_ISL_16709120,EPI_ISL_16641664,3
EPI_ISL_16709120,EPI_ISL_16635900,6
EPI_ISL_16709120,EPI_ISL_17490658,3
EPI_ISL_16709120,EPI_ISL_16709041,3
EPI_ISL_16709120,EPI_ISL_16740821,5
EPI_ISL_16709120,EPI_ISL_17488426,5
EPI_ISL_16709120,EPI_ISL_16611242,5
EPI_ISL_16709120,EPI_ISL_16911087,5
EPI_ISL_16709120,EPI_ISL_16604898,5
EPI_ISL_16709120,EPI_ISL_16849192,9
EPI_ISL_16709120,EPI_ISL_17185737,5
EPI_ISL_16709120,EPI_ISL_17273670,3
EPI_ISL_16709120,EPI_ISL_16880261,6
EPI_ISL_16709120,EPI_ISL_16970275,15
EPI_ISL_16709120,EPI_ISL_17493061,11
EPI_ISL_16709120,EPI_ISL_17227572,3
EPI_ISL_16709120,EPI_ISL_17104779,6
EPI_ISL_16709120,EPI_ISL_17279218,9
EPI_ISL_16709120,EPI_ISL_17062989,7
EPI_ISL_16709120,EPI_ISL_17858253,5
EPI_ISL_16709120,EPI_ISL_17489306,15
EPI_ISL_16709120,EPI_ISL_17199886,3
EPI_ISL_16709120,EPI_ISL_17307377,8
EPI_ISL_16709120,EPI_ISL_17489708,5
EPI_ISL_16709120,EPI_ISL_17489299,5
EPI_ISL_16709120,EPI_ISL_17493701,6
EPI_ISL_16709120,EPI_ISL_17563534,7
EPI_ISL_16709120,EPI_ISL_17516771,5
EPI_ISL_16709120,EPI_ISL_17775328,5
EPI_ISL_16709120,EPI_ISL_17632973,11
EPI_ISL_16709120,EPI_ISL_17684059,6
EPI_ISL_16709120,EPI_ISL_17697615,3
EPI_ISL_16709120,EPI_ISL_17775425,12
EPI_ISL_16709120,EPI_ISL_16698464,4
EPI_ISL_16709120,EPI_ISL_17501589,8
EPI_ISL_16709120,EPI_ISL_17495364,5
EPI_ISL_16709041,EPI_ISL_17062989,7
EPI_ISL_17227572,EPI_ISL_17489299,5
EPI_ISL_17489299,EPI_ISL_16921882,5
EPI_ISL_16698464,EPI_ISL_16910825,3
EPI_ISL_16698464,EPI_ISL_17188259,10
EPI_ISL_16698464,EPI_ISL_17536952,8
EPI_ISL_17501589,EPI_ISL_17501588,5
EPI_ISL_17501589,EPI_ISL_17775232,5
EPI_ISL_16849184,EPI_ISL_16849222,4
EPI_ISL_16673461,EPI_ISL_16905045,4
EPI_ISL_16673461,EPI_ISL_16926310,2
EPI_ISL_16673461,EPI_ISL_16608433,6
EPI_ISL_16673461,EPI_ISL_16698457,5
EPI_ISL_16673461,EPI_ISL_16702239,4
EPI_ISL_16673461,EPI_ISL_16709233,6
EPI_ISL_16673461,EPI_ISL_16608470,3
EPI_ISL_16673461,EPI_ISL_16709507,3
EPI_ISL_16673461,EPI_ISL_16709502,5
EPI_ISL_16673461,EPI_ISL_16921919,3
EPI_ISL_16673461,EPI_ISL_17273666,3
EPI_ISL_16673461,EPI_ISL_17494423,3
EPI_ISL_16673461,EPI_ISL_16970275,15
EPI_ISL_16673461,EPI_ISL_17104766,3
EPI_ISL_16673461,EPI_ISL_17494748,3
EPI_ISL_16673461,EPI_ISL_17307377,8
EPI_ISL_16673461,EPI_ISL_17489702,3
EPI_ISL_16673461,EPI_ISL_17492684,4
EPI_ISL_16673461,EPI_ISL_17505615,12
EPI_ISL_16673461,EPI_ISL_16709234,4
EPI_ISL_16673461,EPI_ISL_16709508,4
EPI_ISL_16673461,EPI_ISL_16608457,4
EPI_ISL_16617192,EPI_ISL_16905045,4
EPI_ISL_16617192,EPI_ISL_16926313,1
EPI_ISL_16617192,EPI_ISL_16673461,2
EPI_ISL_16617192,EPI_ISL_16608433,6
EPI_ISL_16617192,EPI_ISL_16709239,2
EPI_ISL_16617192,EPI_ISL_16698457,5
EPI_ISL_16617192,EPI_ISL_16702239,4
EPI_ISL_16617192,EPI_ISL_16709233,6
EPI_ISL_16617192,EPI_ISL_16608470,3
EPI_ISL_16617192,EPI_ISL_17273666,3
EPI_ISL_16617192,EPI_ISL_16926310,2
EPI_ISL_16617192,EPI_ISL_16799629,4
EPI_ISL_16617192,EPI_ISL_17197662,4
EPI_ISL_16617192,EPI_ISL_17072235,5
EPI_ISL_16617192,EPI_ISL_17164839,4
EPI_ISL_16617192,EPI_ISL_17104766,3
EPI_ISL_16617192,EPI_ISL_17494748,3
EPI_ISL_16617192,EPI_ISL_17489702,3
EPI_ISL_16617192,EPI_ISL_17492684,4
EPI_ISL_16617192,EPI_ISL_17505615,12
EPI_ISL_16617192,EPI_ISL_16709234,4
EPI_ISL_16617192,EPI_ISL_16709508,4
EPI_ISL_16617192,EPI_ISL_16608457,4
EPI_ISL_16617192,EPI_ISL_16673457,0
EPI_ISL_16617192,EPI_ISL_16610722,0
EPI_ISL_16926310,EPI_ISL_16905045,4
EPI_ISL_16926310,EPI_ISL_16608433,6
EPI_ISL_16926310,EPI_ISL_16698457,5
EPI_ISL_16926310,EPI_ISL_16702239,4
EPI_ISL_16926310,EPI_ISL_16709233,6
EPI_ISL_16926310,EPI_ISL_16608470,3
EPI_ISL_16926310,EPI_ISL_16709507,3
EPI_ISL_16926310,EPI_ISL_16709502,5
EPI_ISL_16926310,EPI_ISL_16921919,3
EPI_ISL_16926310,EPI_ISL_17273666,3
EPI_ISL_16926310,EPI_ISL_17494423,3
EPI_ISL_16926310,EPI_ISL_16849214,8
EPI_ISL_16926310,EPI_ISL_17104766,3
EPI_ISL_16926310,EPI_ISL_17489306,15
EPI_ISL_16926310,EPI_ISL_17494748,3
EPI_ISL_16926310,EPI_ISL_17489702,3
EPI_ISL_16926310,EPI_ISL_17492684,4
EPI_ISL_16926310,EPI_ISL_17505615,12
EPI_ISL_16926310,EPI_ISL_17775425,12
EPI_ISL_16926310,EPI_ISL_16709234,4
EPI_ISL_16926310,EPI_ISL_16709508,4
EPI_ISL_16926310,EPI_ISL_16608457,4
EPI_ISL_16709507,EPI_ISL_17494748,3
EPI_ISL_16709507,EPI_ISL_16608457,4
EPI_ISL_16921919,EPI_ISL_16921921,3
EPI_ISL_16921919,EPI_ISL_17684024,9
EPI_ISL_17494423,EPI_ISL_17494435,6
EPI_ISL_17104766,EPI_ISL_17104759,0
EPI_ISL_17494748,EPI_ISL_16698457,5
EPI_ISL_17489702,EPI_ISL_16905045,4
EPI_ISL_16709234,EPI_ISL_16608425,5
EPI_ISL_16709234,EPI_ISL_16709232,4
EPI_ISL_16709234,EPI_ISL_16709508,2
EPI_ISL_16709234,EPI_ISL_16608457,4
EPI_ISL_16709508,EPI_ISL_16608425,5
EPI_ISL_16709508,EPI_ISL_16709232,4
EPI_ISL_16608457,EPI_ISL_16709508,4
EPI_ISL_16608457,EPI_ISL_16758035,3
EPI_ISL_16698192,EPI_ISL_16698253,5
EPI_ISL_16633796,EPI_ISL_16614016,4
EPI_ISL_17493667,EPI_ISL_17185737,5
EPI_ISL_16723065,EPI_ISL_16849214,8
EPI_ISL_16977230,EPI_ISL_17493061,11
EPI_ISL_16977230,EPI_ISL_17489708,5
EPI_ISL_16977230,EPI_ISL_17632970,11
EPI_ISL_16977230,EPI_ISL_17684024,9
EPI_ISL_16636242,EPI_ISL_16635098,4
EPI_ISL_16636242,EPI_ISL_17031641,6
EPI_ISL_16636242,EPI_ISL_16854323,5
EPI_ISL_16636242,EPI_ISL_16970237,3
EPI_ISL_16636242,EPI_ISL_17068970,4
EPI_ISL_16636242,EPI_ISL_17165043,7
EPI_ISL_16636242,EPI_ISL_17684211,4
EPI_ISL_16636242,EPI_ISL_17489512,6
EPI_ISL_16636242,EPI_ISL_17088731,6
EPI_ISL_16636242,EPI_ISL_16757988,6
EPI_ISL_16636242,EPI_ISL_16481839,6
EPI_ISL_16636242,EPI_ISL_18330852,6
EPI_ISL_16636242,EPI_ISL_16614018,4
EPI_ISL_16635098,EPI_ISL_17068970,4
EPI_ISL_16635098,EPI_ISL_17684211,4
EPI_ISL_16635098,EPI_ISL_16854323,5
EPI_ISL_16635098,EPI_ISL_17494448,6
EPI_ISL_16635098,EPI_ISL_17490558,7
EPI_ISL_17489880,EPI_ISL_17490558,7
EPI_ISL_16970237,EPI_ISL_16737835,6
EPI_ISL_16970237,EPI_ISL_17075777,6
EPI_ISL_16970237,EPI_ISL_17165043,7
EPI_ISL_16970237,EPI_ISL_17494448,6
EPI_ISL_16970237,EPI_ISL_17490558,7
EPI_ISL_17068970,EPI_ISL_16854323,5
EPI_ISL_17068970,EPI_ISL_17684211,4
EPI_ISL_17165043,EPI_ISL_16849142,7
EPI_ISL_17165043,EPI_ISL_16849134,7
EPI_ISL_17165043,EPI_ISL_16849220,7
EPI_ISL_17165043,EPI_ISL_16849158,7
EPI_ISL_17684211,EPI_ISL_16854323,5
EPI_ISL_17684211,EPI_ISL_17494448,6
EPI_ISL_17684211,EPI_ISL_17490558,7
EPI_ISL_17490402,EPI_ISL_16849142,4
EPI_ISL_17490402,EPI_ISL_16849134,4
EPI_ISL_17490402,EPI_ISL_16849220,4
EPI_ISL_17490402,EPI_ISL_16849158,4
EPI_ISL_16608446,EPI_ISL_16585612,5
EPI_ISL_16608446,EPI_ISL_16597054,4
EPI_ISL_16608446,EPI_ISL_16604489,5
EPI_ISL_16608446,EPI_ISL_16709484,3
EPI_ISL_16608446,EPI_ISL_16712115,3
EPI_ISL_16608446,EPI_ISL_16610768,3
EPI_ISL_16608446,EPI_ISL_17494403,3
EPI_ISL_16608446,EPI_ISL_16610102,4
EPI_ISL_16608446,EPI_ISL_16968098,6
EPI_ISL_16608446,EPI_ISL_16969500,4
EPI_ISL_16608446,EPI_ISL_17088844,4
EPI_ISL_16608446,EPI_ISL_16852296,6
EPI_ISL_16608446,EPI_ISL_17493984,5
EPI_ISL_16608446,EPI_ISL_17493729,8
EPI_ISL_16608446,EPI_ISL_17494210,4
EPI_ISL_16608446,EPI_ISL_17501455,5
EPI_ISL_16608446,EPI_ISL_17199747,6
EPI_ISL_17489512,EPI_ISL_16481839,2
EPI_ISL_17489512,EPI_ISL_17088731,2
EPI_ISL_17489512,EPI_ISL_18330852,2
EPI_ISL_17489512,EPI_ISL_16757988,4
EPI_ISL_17489512,EPI_ISL_16921869,6
EPI_ISL_17088731,EPI_ISL_18330852,2
EPI_ISL_17088731,EPI_ISL_16757988,4
EPI_ISL_17088731,EPI_ISL_16921869,6
EPI_ISL_16757988,EPI_ISL_18330852,4
EPI_ISL_16481839,EPI_ISL_16635197,2
EPI_ISL_16481839,EPI_ISL_17088731,2
EPI_ISL_16481839,EPI_ISL_18330852,2
EPI_ISL_16481839,EPI_ISL_16757988,4
EPI_ISL_16481839,EPI_ISL_16921869,6
EPI_ISL_16481839,EPI_ISL_17490493,3
EPI_ISL_18330852,EPI_ISL_16921869,6
EPI_ISL_16635197,EPI_ISL_17490493,3
EPI_ISL_17490493,EPI_ISL_18330872,13
EPI_ISL_16614018,EPI_ISL_16910792,1
EPI_ISL_16614018,EPI_ISL_16598365,1
EPI_ISL_16614018,EPI_ISL_16720505,2
EPI_ISL_16614018,EPI_ISL_17273693,5
EPI_ISL_16614018,EPI_ISL_17493811,2
EPI_ISL_16614018,EPI_ISL_16635188,0
EPI_ISL_16614018,EPI_ISL_17493406,0
EPI_ISL_16327325,EPI_ISL_16750656,8
EPI_ISL_16327325,EPI_ISL_16327333,8
EPI_ISL_16327325,EPI_ISL_16327327,8
EPI_ISL_16327325,EPI_ISL_16327424,8
EPI_ISL_16327325,EPI_ISL_16327523,8
EPI_ISL_16327325,EPI_ISL_17495337,8
EPI_ISL_16327325,EPI_ISL_17489725,8
EPI_ISL_16327325,EPI_ISL_16327503,13
EPI_ISL_16327325,EPI_ISL_17487909,12
EPI_ISL_16327325,EPI_ISL_17492715,12
EPI_ISL_16327325,EPI_ISL_18034523,22
EPI_ISL_16750656,EPI_ISL_16327333,6
EPI_ISL_16750656,EPI_ISL_16327327,6
EPI_ISL_16750656,EPI_ISL_16327374,8
EPI_ISL_16750656,EPI_ISL_16327486,10
EPI_ISL_16750656,EPI_ISL_16327583,15
EPI_ISL_16750656,EPI_ISL_16635230,11
EPI_ISL_16750656,EPI_ISL_16740818,12
EPI_ISL_16750656,EPI_ISL_16921900,13
EPI_ISL_16750656,EPI_ISL_17197686,14
EPI_ISL_16750656,EPI_ISL_17487909,12
EPI_ISL_16750656,EPI_ISL_17492715,12
EPI_ISL_16750656,EPI_ISL_17494848,15
EPI_ISL_16750656,EPI_ISL_18034523,22
EPI_ISL_16750656,EPI_ISL_16750694,8
EPI_ISL_16750656,EPI_ISL_17794499,9
EPI_ISL_16750656,EPI_ISL_16750658,0
EPI_ISL_16327333,EPI_ISL_16327374,8
EPI_ISL_16327333,EPI_ISL_16327486,10
EPI_ISL_16327333,EPI_ISL_16327583,15
EPI_ISL_16327333,EPI_ISL_16635230,11
EPI_ISL_16327333,EPI_ISL_16740818,12
EPI_ISL_16327333,EPI_ISL_16921900,13
EPI_ISL_16327333,EPI_ISL_17197686,14
EPI_ISL_16327333,EPI_ISL_17487909,12
EPI_ISL_16327333,EPI_ISL_17492715,12
EPI_ISL_16327333,EPI_ISL_17494848,15
EPI_ISL_16327333,EPI_ISL_18034523,22
EPI_ISL_16327333,EPI_ISL_16750694,8
EPI_ISL_16327333,EPI_ISL_17794499,9
EPI_ISL_16327327,EPI_ISL_16327333,6
EPI_ISL_16327327,EPI_ISL_16327374,8
EPI_ISL_16327327,EPI_ISL_16327486,10
EPI_ISL_16327327,EPI_ISL_16327583,15
EPI_ISL_16327327,EPI_ISL_16635230,11
EPI_ISL_16327327,EPI_ISL_16740818,12
EPI_ISL_16327327,EPI_ISL_16921900,13
EPI_ISL_16327327,EPI_ISL_17197686,14
EPI_ISL_16327327,EPI_ISL_17487909,12
EPI_ISL_16327327,EPI_ISL_17492715,12
EPI_ISL_16327327,EPI_ISL_17494848,15
EPI_ISL_16327327,EPI_ISL_18034523,22
EPI_ISL_16327327,EPI_ISL_16750694,8
EPI_ISL_16327327,EPI_ISL_17794499,9
EPI_ISL_17495337,EPI_ISL_17489725,2
EPI_ISL_17495337,EPI_ISL_18034523,22
EPI_ISL_17489725,EPI_ISL_16711868,12
EPI_ISL_17489725,EPI_ISL_18034523,22
EPI_ISL_18034523,EPI_ISL_16910794,22
EPI_ISL_16750694,EPI_ISL_16327568,1
EPI_ISL_16750694,EPI_ISL_17794499,9
EPI_ISL_17794499,EPI_ISL_17619241,3
EPI_ISL_17488131,EPI_ISL_16327327,13
EPI_ISL_17488131,EPI_ISL_17488125,8
EPI_ISL_16880255,EPI_ISL_17273670,3
EPI_ISL_16880255,EPI_ISL_16709041,3
EPI_ISL_16880255,EPI_ISL_16970249,6
EPI_ISL_16880255,EPI_ISL_16970252,6
EPI_ISL_16880255,EPI_ISL_17487916,5
EPI_ISL_16880255,EPI_ISL_17485765,11
EPI_ISL_16610102,EPI_ISL_16585612,5
EPI_ISL_16610102,EPI_ISL_16921904,6
EPI_ISL_16604489,EPI_ISL_17031992,9
EPI_ISL_16709484,EPI_ISL_17490426,2
EPI_ISL_16709484,EPI_ISL_17494403,3
EPI_ISL_16712115,EPI_ISL_16610102,4
EPI_ISL_16712115,EPI_ISL_16921904,6
EPI_ISL_16969500,EPI_ISL_16604489,5
EPI_ISL_16969500,EPI_ISL_16968098,6
EPI_ISL_16969500,EPI_ISL_16852296,6
EPI_ISL_17199747,EPI_ISL_17199746,3
EPI_ISL_17199747,EPI_ISL_17199820,4
EPI_ISL_17501620,EPI_ISL_17501614,0
EPI_ISL_16713395,EPI_ISL_17487641,4
EPI_ISL_16713395,EPI_ISL_16713415,3
EPI_ISL_16713395,EPI_ISL_17280147,2
EPI_ISL_16713395,EPI_ISL_16723115,3
EPI_ISL_16713395,EPI_ISL_16723123,5
EPI_ISL_16713395,EPI_ISL_16723138,4
EPI_ISL_16713395,EPI_ISL_16830000,3
EPI_ISL_16713395,EPI_ISL_16830014,7
EPI_ISL_16713395,EPI_ISL_16899491,8
EPI_ISL_16713395,EPI_ISL_16873132,7
EPI_ISL_16713395,EPI_ISL_16955435,3
EPI_ISL_16713395,EPI_ISL_16955444,5
EPI_ISL_16713395,EPI_ISL_17280111,3
EPI_ISL_16713395,EPI_ISL_17487013,7
EPI_ISL_16713395,EPI_ISL_17563584,11
EPI_ISL_16713395,EPI_ISL_17493032,5
EPI_ISL_16713391,EPI_ISL_17487641,4
EPI_ISL_16713391,EPI_ISL_16713395,2
EPI_ISL_16713391,EPI_ISL_17280147,2
EPI_ISL_16713391,EPI_ISL_16713415,3
EPI_ISL_16713391,EPI_ISL_16723115,3
EPI_ISL_16713391,EPI_ISL_16723123,5
EPI_ISL_16713391,EPI_ISL_16723138,4
EPI_ISL_16713391,EPI_ISL_16830000,3
EPI_ISL_16713391,EPI_ISL_16830014,7
EPI_ISL_16713391,EPI_ISL_16899491,8
EPI_ISL_16713391,EPI_ISL_16873132,7
EPI_ISL_16713391,EPI_ISL_16955435,3
EPI_ISL_16713391,EPI_ISL_16955444,5
EPI_ISL_16713391,EPI_ISL_17280111,3
EPI_ISL_16713391,EPI_ISL_17487013,7
EPI_ISL_16713391,EPI_ISL_17563584,11
EPI_ISL_16713391,EPI_ISL_17493032,5
EPI_ISL_17280147,EPI_ISL_17487641,4
EPI_ISL_17280147,EPI_ISL_16713415,3
EPI_ISL_17280147,EPI_ISL_16723115,3
EPI_ISL_17280147,EPI_ISL_16723123,5
EPI_ISL_17280147,EPI_ISL_16723138,4
EPI_ISL_17280147,EPI_ISL_16830000,3
EPI_ISL_17280147,EPI_ISL_16830014,7
EPI_ISL_17280147,EPI_ISL_16899491,8
EPI_ISL_17280147,EPI_ISL_16873132,7
EPI_ISL_17280147,EPI_ISL_16955435,3
EPI_ISL_17280147,EPI_ISL_16955444,5
EPI_ISL_17280147,EPI_ISL_17280111,3
EPI_ISL_17280147,EPI_ISL_17487013,7
EPI_ISL_17280147,EPI_ISL_17563584,11
EPI_ISL_17280147,EPI_ISL_17493032,5
EPI_ISL_17280147,EPI_ISL_17360758,0
EPI_ISL_16636033,EPI_ISL_16641631,4
EPI_ISL_16711875,EPI_ISL_16712090,2
EPI_ISL_16711875,EPI_ISL_16712170,6
EPI_ISL_16711875,EPI_ISL_16711894,4
EPI_ISL_16711875,EPI_ISL_16561119,5
EPI_ISL_16712090,EPI_ISL_16561119,5
EPI_ISL_16711894,EPI_ISL_16712090,4
EPI_ISL_16711894,EPI_ISL_16712170,6
EPI_ISL_16711894,EPI_ISL_16573267,4
EPI_ISL_16711894,EPI_ISL_16561119,5
EPI_ISL_16712113,EPI_ISL_16712035,3
EPI_ISL_16712113,EPI_ISL_16712170,6
EPI_ISL_16712113,EPI_ISL_16711894,4
EPI_ISL_16712113,EPI_ISL_16561119,5
EPI_ISL_16910794,EPI_ISL_16910775,2
EPI_ISL_16910794,EPI_ISL_16713324,4
EPI_ISL_16910794,EPI_ISL_17485742,6
EPI_ISL_16910794,EPI_ISL_17618283,5
EPI_ISL_17618283,EPI_ISL_17850163,2
EPI_ISL_16926313,EPI_ISL_17495364,5
EPI_ISL_17164839,EPI_ISL_17563545,5
EPI_ISL_16520424,EPI_ISL_16635566,2
EPI_ISL_16520424,EPI_ISL_17490683,3
EPI_ISL_16520424,EPI_ISL_16635146,3
EPI_ISL_16520424,EPI_ISL_16709512,4
EPI_ISL_16520424,EPI_ISL_17031722,6
EPI_ISL_16520424,EPI_ISL_16854216,5
EPI_ISL_16520424,EPI_ISL_17031841,6
EPI_ISL_16520424,EPI_ISL_17162761,4
EPI_ISL_16520424,EPI_ISL_17495536,3
EPI_ISL_16520424,EPI_ISL_17794500,7
EPI_ISL_16635566,EPI_ISL_17031722,6
EPI_ISL_17495536,EPI_ISL_16635566,3
EPI_ISL_16327663,EPI_ISL_16598326,2
EPI_ISL_16327663,EPI_ISL_16921920,4
EPI_ISL_16327663,EPI_ISL_16849184,8
EPI_ISL_16598326,EPI_ISL_16921920,4
EPI_ISL_16646060,EPI_ISL_16327663,4
EPI_ISL_16702218,EPI_ISL_16635900,6
EPI_ISL_17262861,EPI_ISL_16604736,4
EPI_ISL_17262861,EPI_ISL_16604647,5
EPI_ISL_17262861,EPI_ISL_16758162,5
EPI_ISL_17262861,EPI_ISL_17785582,6
EPI_ISL_17262861,EPI_ISL_17584689,6
EPI_ISL_16604647,EPI_ISL_16604736,5
EPI_ISL_16604647,EPI_ISL_17785582,6
EPI_ISL_17785582,EPI_ISL_17584689,2
EPI_ISL_16635138,EPI_ISL_16635145,3
EPI_ISL_16635138,EPI_ISL_16635243,5
EPI_ISL_16849142,EPI_ISL_16390369,4
EPI_ISL_16849142,EPI_ISL_16911659,4
EPI_ISL_16849142,EPI_ISL_16849134,2
EPI_ISL_16849142,EPI_ISL_16849220,2
EPI_ISL_16849142,EPI_ISL_16849158,2
EPI_ISL_16849142,EPI_ISL_17488959,8
EPI_ISL_16849142,EPI_ISL_16849225,3
EPI_ISL_16849142,EPI_ISL_17072158,7
EPI_ISL_16849142,EPI_ISL_17488730,7
EPI_ISL_16849142,EPI_ISL_17493342,8
EPI_ISL_16849142,EPI_ISL_17485746,3
EPI_ISL_16849142,EPI_ISL_16970203,3
EPI_ISL_16849142,EPI_ISL_16937174,3
EPI_ISL_16849134,EPI_ISL_16390369,4
EPI_ISL_16849134,EPI_ISL_16911659,4
EPI_ISL_16849134,EPI_ISL_17488959,8
EPI_ISL_16849134,EPI_ISL_16849220,2
EPI_ISL_16849134,EPI_ISL_16849158,2
EPI_ISL_16849134,EPI_ISL_16849225,3
EPI_ISL_16849134,EPI_ISL_17072158,7
EPI_ISL_16849134,EPI_ISL_17488730,7
EPI_ISL_16849134,EPI_ISL_17493342,8
EPI_ISL_16849134,EPI_ISL_17485746,3
EPI_ISL_16849134,EPI_ISL_16970203,3
EPI_ISL_16849134,EPI_ISL_16937174,3
EPI_ISL_16849220,EPI_ISL_16390369,4
EPI_ISL_16849220,EPI_ISL_16911659,4
EPI_ISL_16849220,EPI_ISL_17488959,8
EPI_ISL_16849220,EPI_ISL_16849225,3
EPI_ISL_16849220,EPI_ISL_16849158,2
EPI_ISL_16849220,EPI_ISL_17072158,7
EPI_ISL_16849220,EPI_ISL_17488730,7
EPI_ISL_16849220,EPI_ISL_17493342,8
EPI_ISL_16849220,EPI_ISL_17485746,3
EPI_ISL_16849220,EPI_ISL_16970203,3
EPI_ISL_16849220,EPI_ISL_16937174,3
EPI_ISL_16849158,EPI_ISL_16390369,4
EPI_ISL_16849158,EPI_ISL_16911659,4
EPI_ISL_16849158,EPI_ISL_17488959,8
EPI_ISL_16849158,EPI_ISL_16849225,3
EPI_ISL_16849158,EPI_ISL_17072158,7
EPI_ISL_16849158,EPI_ISL_17488730,7
EPI_ISL_16849158,EPI_ISL_17493342,8
EPI_ISL_16849158,EPI_ISL_17485746,3
EPI_ISL_16849158,EPI_ISL_16970203,3
EPI_ISL_16849158,EPI_ISL_16937174,3
EPI_ISL_16849225,EPI_ISL_17488730,7
EPI_ISL_17488730,EPI_ISL_17494114,7
EPI_ISL_17488730,EPI_ISL_17262893,7
EPI_ISL_17493342,EPI_ISL_17262893,8
EPI_ISL_16970203,EPI_ISL_17088859,4
EPI_ISL_16937174,EPI_ISL_16970203,2
EPI_ISL_16635627,EPI_ISL_17494325,4
EPI_ISL_16635627,EPI_ISL_17775183,4
EPI_ISL_16635627,EPI_ISL_17031805,5
EPI_ISL_16635627,EPI_ISL_16390376,0
EPI_ISL_17494325,EPI_ISL_16702084,5
EPI_ISL_17494325,EPI_ISL_17031805,5
EPI_ISL_17494325,EPI_ISL_17150644,6
EPI_ISL_17494325,EPI_ISL_17494322,1
EPI_ISL_17494325,EPI_ISL_17775183,2
EPI_ISL_17494325,EPI_ISL_17998811,4
EPI_ISL_17775183,EPI_ISL_16702084,5
EPI_ISL_17775183,EPI_ISL_17031805,5
EPI_ISL_16702214,EPI_ISL_16709455,8
EPI_ISL_16713415,EPI_ISL_16723123,5
EPI_ISL_16723138,EPI_ISL_17493032,5
EPI_ISL_16899491,EPI_ISL_16723142,8
EPI_ISL_16723142,EPI_ISL_16723141,3
EPI_ISL_16723142,EPI_ISL_16955436,5
EPI_ISL_16921882,EPI_ISL_17489306,15
EPI_ISL_16921882,EPI_ISL_17684059,6
EPI_ISL_17494114,EPI_ISL_17262893,2
EPI_ISL_17199820,EPI_ISL_17199778,0
EPI_ISL_17501588,EPI_ISL_17775232,4
